food_name,category,calories,protein,carbohydrates,fats,fiber,goal,image_url
Dal Bhat,Dal & Rice,350,14.0,62.0,3.5,5.0,maintenance,https://images.unsplash.com/photo-1626777552726-4a6b54c97e46?auto=format&fit=crop&w=600&q=80
Half Portion Dal Bhat,Dal & Rice,175,7.0,31.0,1.8,2.5,maintenance,https://images.unsplash.com/photo-1626777552726-4a6b54c97e46?auto=format&fit=crop&w=600&q=80
Double Portion Dal Bhat,Dal & Rice,700,28.0,124.0,7.0,10.0,maintenance,https://images.unsplash.com/photo-1626777552726-4a6b54c97e46?auto=format&fit=crop&w=600&q=80
Masoor Dal,Legumes,116,9.0,20.0,0.4,3.9,weight_loss,https://images.unsplash.com/photo-1547592180-85f173990554?auto=format&fit=crop&w=600&q=80
Half Portion Masoor Dal,Legumes,58,4.5,10.0,0.2,1.9,weight_loss,https://images.unsplash.com/photo-1547592180-85f173990554?auto=format&fit=crop&w=600&q=80
Double Portion Masoor Dal,Legumes,232,18.0,40.0,0.8,7.8,weight_loss,https://images.unsplash.com/photo-1547592180-85f173990554?auto=format&fit=crop&w=600&q=80
Chana Dal,Legumes,164,8.9,27.4,2.6,7.6,weight_loss,https://images.unsplash.com/photo-1515003197210-e0cd71810b5f?auto=format&fit=crop&w=600&q=80
Half Portion Chana Dal,Legumes,82,4.5,13.7,1.3,3.8,weight_loss,https://images.unsplash.com/photo-1515003197210-e0cd71810b5f?auto=format&fit=crop&w=600&q=80
Double Portion Chana Dal,Legumes,328,17.8,54.8,5.2,15.2,weight_loss,https://images.unsplash.com/photo-1515003197210-e0cd71810b5f?auto=format&fit=crop&w=600&q=80
Mung Dal,Legumes,105,7.0,19.2,0.4,7.6,weight_loss,https://images.unsplash.com/photo-1505253716362-afaea1d3d1af?auto=format&fit=crop&w=600&q=80
Half Portion Mung Dal,Legumes,52,3.5,9.6,0.2,3.8,weight_loss,https://images.unsplash.com/photo-1505253716362-afaea1d3d1af?auto=format&fit=crop&w=600&q=80
Double Portion Mung Dal,Legumes,210,14.0,38.4,0.8,15.2,weight_loss,https://images.unsplash.com/photo-1505253716362-afaea1d3d1af?auto=format&fit=crop&w=600&q=80
Toor Dal,Legumes,118,6.8,20.6,0.4,5.0,maintenance,https://images.unsplash.com/photo-1585821937315-f1a029756611?auto=format&fit=crop&w=600&q=80
Half Portion Toor Dal,Legumes,59,3.4,10.3,0.2,2.5,maintenance,https://images.unsplash.com/photo-1585821937315-f1a029756611?auto=format&fit=crop&w=600&q=80
Double Portion Toor Dal,Legumes,236,13.6,41.2,0.8,10.0,maintenance,https://images.unsplash.com/photo-1585821937315-f1a029756611?auto=format&fit=crop&w=600&q=80
Black Dal (Kali Dal),Legumes,127,9.0,21.6,0.8,5.3,muscle_gain,https://images.unsplash.com/photo-1608219990948-21934c77b8cb?auto=format&fit=crop&w=600&q=80
Half Portion Black Dal (Kali Dal),Legumes,64,4.5,10.8,0.4,2.6,muscle_gain,https://images.unsplash.com/photo-1608219990948-21934c77b8cb?auto=format&fit=crop&w=600&q=80
Double Portion Black Dal (Kali Dal),Legumes,254,18.0,43.2,1.6,10.6,muscle_gain,https://images.unsplash.com/photo-1608219990948-21934c77b8cb?auto=format&fit=crop&w=600&q=80
Kidney Beans (Rajma),Legumes,127,8.7,22.8,0.5,6.4,muscle_gain,https://images.unsplash.com/photo-1551024709-8f23befc6f87?auto=format&fit=crop&w=600&q=80
Half Portion Kidney Beans (Rajma),Legumes,64,4.3,11.4,0.2,3.2,muscle_gain,https://images.unsplash.com/photo-1551024709-8f23befc6f87?auto=format&fit=crop&w=600&q=80
Double Portion Kidney Beans (Rajma),Legumes,254,17.4,45.6,1.0,12.8,muscle_gain,https://images.unsplash.com/photo-1551024709-8f23befc6f87?auto=format&fit=crop&w=600&q=80
Soybean,Legumes,173,16.6,9.0,9.0,6.0,muscle_gain,https://images.unsplash.com/photo-1599599810769-bcde5a160d32?auto=format&fit=crop&w=600&q=80
Half Portion Soybean,Legumes,86,8.3,4.5,4.5,3.0,muscle_gain,https://images.unsplash.com/photo-1599599810769-bcde5a160d32?auto=format&fit=crop&w=600&q=80
Double Portion Soybean,Legumes,346,33.2,18.0,18.0,12.0,muscle_gain,https://images.unsplash.com/photo-1599599810769-bcde5a160d32?auto=format&fit=crop&w=600&q=80
Chickpeas (Chana),Legumes,164,8.9,27.4,2.6,7.6,weight_loss,https://images.unsplash.com/photo-1585821937315-f1a029756611?auto=format&fit=crop&w=600&q=80
Half Portion Chickpeas (Chana),Legumes,82,4.5,13.7,1.3,3.8,weight_loss,https://images.unsplash.com/photo-1585821937315-f1a029756611?auto=format&fit=crop&w=600&q=80
Double Portion Chickpeas (Chana),Legumes,328,17.8,54.8,5.2,15.2,weight_loss,https://images.unsplash.com/photo-1585821937315-f1a029756611?auto=format&fit=crop&w=600&q=80
Steamed Rice,Rice & Grains,204,4.2,44.5,0.4,0.6,maintenance,https://images.unsplash.com/photo-1512058564366-18510be2db19?auto=format&fit=crop&w=600&q=80
Half Portion Steamed Rice,Rice & Grains,102,2.1,22.2,0.2,0.3,maintenance,https://images.unsplash.com/photo-1512058564366-18510be2db19?auto=format&fit=crop&w=600&q=80
Double Portion Steamed Rice,Rice & Grains,408,8.4,89.0,0.8,1.2,maintenance,https://images.unsplash.com/photo-1512058564366-18510be2db19?auto=format&fit=crop&w=600&q=80
Brown Rice,Rice & Grains,216,5.0,44.8,1.8,3.5,weight_loss,https://images.unsplash.com/photo-1586201375761-83865001e31c?auto=format&fit=crop&w=600&q=80
Half Portion Brown Rice,Rice & Grains,108,2.5,22.4,0.9,1.8,weight_loss,https://images.unsplash.com/photo-1586201375761-83865001e31c?auto=format&fit=crop&w=600&q=80
Double Portion Brown Rice,Rice & Grains,432,10.0,89.6,3.6,7.0,weight_loss,https://images.unsplash.com/photo-1586201375761-83865001e31c?auto=format&fit=crop&w=600&q=80
Chiura (Beaten Rice),Rice & Grains,346,6.9,76.9,1.4,1.7,maintenance,https://images.unsplash.com/photo-1600271886742-f049cd451bba?auto=format&fit=crop&w=600&q=80
Half Portion Chiura (Beaten Rice),Rice & Grains,173,3.5,38.5,0.7,0.8,maintenance,https://images.unsplash.com/photo-1600271886742-f049cd451bba?auto=format&fit=crop&w=600&q=80
Double Portion Chiura (Beaten Rice),Rice & Grains,692,13.8,153.8,2.8,3.4,maintenance,https://images.unsplash.com/photo-1600271886742-f049cd451bba?auto=format&fit=crop&w=600&q=80
Dhido (Buckwheat Porridge),Traditional,161,5.7,33.5,1.0,2.7,weight_loss,https://images.unsplash.com/photo-1541832676-9b763b0239ab?auto=format&fit=crop&w=600&q=80
Half Portion Dhido (Buckwheat Porridge),Traditional,80,2.9,16.8,0.5,1.4,weight_loss,https://images.unsplash.com/photo-1541832676-9b763b0239ab?auto=format&fit=crop&w=600&q=80
Double Portion Dhido (Buckwheat Porridge),Traditional,322,11.4,67.0,2.0,5.4,weight_loss,https://images.unsplash.com/photo-1541832676-9b763b0239ab?auto=format&fit=crop&w=600&q=80
Roti (Wheat Flatbread),Bread & Roti,297,9.7,57.5,3.5,5.5,maintenance,https://images.unsplash.com/photo-1613564834644-a170dc930e40?auto=format&fit=crop&w=600&q=80
Half Portion Roti (Wheat Flatbread),Bread & Roti,148,4.8,28.8,1.8,2.8,maintenance,https://images.unsplash.com/photo-1613564834644-a170dc930e40?auto=format&fit=crop&w=600&q=80
Double Portion Roti (Wheat Flatbread),Bread & Roti,594,19.4,115.0,7.0,11.0,maintenance,https://images.unsplash.com/photo-1613564834644-a170dc930e40?auto=format&fit=crop&w=600&q=80
Makai Roti (Corn Flatbread),Bread & Roti,218,5.1,45.5,2.1,3.8,weight_loss,https://images.unsplash.com/photo-1509440159596-0249088772ff?auto=format&fit=crop&w=600&q=80
Half Portion Makai Roti (Corn Flatbread),Bread & Roti,109,2.5,22.8,1.1,1.9,weight_loss,https://images.unsplash.com/photo-1509440159596-0249088772ff?auto=format&fit=crop&w=600&q=80
Double Portion Makai Roti (Corn Flatbread),Bread & Roti,436,10.2,91.0,4.2,7.6,weight_loss,https://images.unsplash.com/photo-1509440159596-0249088772ff?auto=format&fit=crop&w=600&q=80
Puri,Bread & Roti,349,7.0,48.0,16.0,2.0,weight_gain,https://images.unsplash.com/photo-1626132647523-66f5bf380027?auto=format&fit=crop&w=600&q=80
Half Portion Puri,Bread & Roti,174,3.5,24.0,8.0,1.0,weight_gain,https://images.unsplash.com/photo-1626132647523-66f5bf380027?auto=format&fit=crop&w=600&q=80
Double Portion Puri,Bread & Roti,698,14.0,96.0,32.0,4.0,weight_gain,https://images.unsplash.com/photo-1626132647523-66f5bf380027?auto=format&fit=crop&w=600&q=80
Sel Roti,Traditional,325,5.0,55.0,10.5,1.2,maintenance,https://images.unsplash.com/photo-1555507036-ab1f4038808a?auto=format&fit=crop&w=600&q=80
Half Portion Sel Roti,Traditional,162,2.5,27.5,5.2,0.6,maintenance,https://images.unsplash.com/photo-1555507036-ab1f4038808a?auto=format&fit=crop&w=600&q=80
Double Portion Sel Roti,Traditional,650,10.0,110.0,21.0,2.4,maintenance,https://images.unsplash.com/photo-1555507036-ab1f4038808a?auto=format&fit=crop&w=600&q=80
Oatmeal (Jaulo),Rice & Grains,158,5.6,27.4,3.2,4.0,weight_loss,https://images.unsplash.com/photo-1517849058932-d9065dc93e93?auto=format&fit=crop&w=600&q=80
Half Portion Oatmeal (Jaulo),Rice & Grains,79,2.8,13.7,1.6,2.0,weight_loss,https://images.unsplash.com/photo-1517849058932-d9065dc93e93?auto=format&fit=crop&w=600&q=80
Double Portion Oatmeal (Jaulo),Rice & Grains,316,11.2,54.8,6.4,8.0,weight_loss,https://images.unsplash.com/photo-1517849058932-d9065dc93e93?auto=format&fit=crop&w=600&q=80
Millet (Kodo),Rice & Grains,378,11.0,72.8,4.2,8.5,weight_loss,https://images.unsplash.com/photo-1596461404969-9ae70f2830c1?auto=format&fit=crop&w=600&q=80
Half Portion Millet (Kodo),Rice & Grains,189,5.5,36.4,2.1,4.2,weight_loss,https://images.unsplash.com/photo-1596461404969-9ae70f2830c1?auto=format&fit=crop&w=600&q=80
Double Portion Millet (Kodo),Rice & Grains,756,22.0,145.6,8.4,17.0,weight_loss,https://images.unsplash.com/photo-1596461404969-9ae70f2830c1?auto=format&fit=crop&w=600&q=80
Corn (Makai),Rice & Grains,96,3.4,21.0,1.5,2.4,maintenance,https://images.unsplash.com/photo-1551754625-40137410b915?auto=format&fit=crop&w=600&q=80
Half Portion Corn (Makai),Rice & Grains,48,1.7,10.5,0.8,1.2,maintenance,https://images.unsplash.com/photo-1551754625-40137410b915?auto=format&fit=crop&w=600&q=80
Double Portion Corn (Makai),Rice & Grains,192,6.8,42.0,3.0,4.8,maintenance,https://images.unsplash.com/photo-1551754625-40137410b915?auto=format&fit=crop&w=600&q=80
Gundruk,Fermented Foods,30,2.5,5.5,0.5,3.0,weight_loss,https://images.unsplash.com/photo-1546069901-ba9599a7e63c?auto=format&fit=crop&w=600&q=80
Half Portion Gundruk,Fermented Foods,15,1.2,2.8,0.2,1.5,weight_loss,https://images.unsplash.com/photo-1546069901-ba9599a7e63c?auto=format&fit=crop&w=600&q=80
Double Portion Gundruk,Fermented Foods,60,5.0,11.0,1.0,6.0,weight_loss,https://images.unsplash.com/photo-1546069901-ba9599a7e63c?auto=format&fit=crop&w=600&q=80
Spinach (Palungo),Vegetables,23,2.9,3.6,0.4,2.2,weight_loss,https://images.unsplash.com/photo-1576045057995-568f588f82fb?auto=format&fit=crop&w=600&q=80
Half Portion Spinach (Palungo),Vegetables,12,1.4,1.8,0.2,1.1,weight_loss,https://images.unsplash.com/photo-1576045057995-568f588f82fb?auto=format&fit=crop&w=600&q=80
Double Portion Spinach (Palungo),Vegetables,46,5.8,7.2,0.8,4.4,weight_loss,https://images.unsplash.com/photo-1576045057995-568f588f82fb?auto=format&fit=crop&w=600&q=80
Cauliflower (Kauli),Vegetables,25,1.9,5.0,0.3,2.0,weight_loss,https://images.unsplash.com/photo-1568584711075-3d021a7c3ca3?auto=format&fit=crop&w=600&q=80
Half Portion Cauliflower (Kauli),Vegetables,12,0.9,2.5,0.1,1.0,weight_loss,https://images.unsplash.com/photo-1568584711075-3d021a7c3ca3?auto=format&fit=crop&w=600&q=80
Double Portion Cauliflower (Kauli),Vegetables,50,3.8,10.0,0.6,4.0,weight_loss,https://images.unsplash.com/photo-1568584711075-3d021a7c3ca3?auto=format&fit=crop&w=600&q=80
Cabbage (Bandakopi),Vegetables,25,1.3,5.8,0.1,2.5,weight_loss,https://images.unsplash.com/photo-1606787366850-de6330128bfc?auto=format&fit=crop&w=600&q=80
Half Portion Cabbage (Bandakopi),Vegetables,12,0.7,2.9,0.1,1.2,weight_loss,https://images.unsplash.com/photo-1606787366850-de6330128bfc?auto=format&fit=crop&w=600&q=80
Double Portion Cabbage (Bandakopi),Vegetables,50,2.6,11.6,0.2,5.0,weight_loss,https://images.unsplash.com/photo-1606787366850-de6330128bfc?auto=format&fit=crop&w=600&q=80
Potato (Aloo),Vegetables,77,2.0,17.5,0.1,2.2,maintenance,https://images.unsplash.com/photo-1518977676601-b53f02db1d2d?auto=format&fit=crop&w=600&q=80
Half Portion Potato (Aloo),Vegetables,38,1.0,8.8,0.1,1.1,maintenance,https://images.unsplash.com/photo-1518977676601-b53f02db1d2d?auto=format&fit=crop&w=600&q=80
Double Portion Potato (Aloo),Vegetables,154,4.0,35.0,0.2,4.4,maintenance,https://images.unsplash.com/photo-1518977676601-b53f02db1d2d?auto=format&fit=crop&w=600&q=80
Tomato,Vegetables,18,0.9,3.9,0.2,1.2,weight_loss,https://images.unsplash.com/photo-1595855759920-86582396756a?auto=format&fit=crop&w=600&q=80
Half Portion Tomato,Vegetables,9,0.5,1.9,0.1,0.6,weight_loss,https://images.unsplash.com/photo-1595855759920-86582396756a?auto=format&fit=crop&w=600&q=80
Double Portion Tomato,Vegetables,36,1.8,7.8,0.4,2.4,weight_loss,https://images.unsplash.com/photo-1595855759920-86582396756a?auto=format&fit=crop&w=600&q=80
Cucumber (Kakro),Vegetables,16,0.7,3.6,0.1,0.5,weight_loss,https://images.unsplash.com/photo-1604974244131-030ec60cf880?auto=format&fit=crop&w=600&q=80
Half Portion Cucumber (Kakro),Vegetables,8,0.3,1.8,0.1,0.2,weight_loss,https://images.unsplash.com/photo-1604974244131-030ec60cf880?auto=format&fit=crop&w=600&q=80
Double Portion Cucumber (Kakro),Vegetables,32,1.4,7.2,0.2,1.0,weight_loss,https://images.unsplash.com/photo-1604974244131-030ec60cf880?auto=format&fit=crop&w=600&q=80
Onion (Pyaj),Vegetables,40,1.1,9.3,0.1,1.7,weight_loss,https://images.unsplash.com/photo-1508747703725-719777637510?auto=format&fit=crop&w=600&q=80
Half Portion Onion (Pyaj),Vegetables,20,0.6,4.7,0.1,0.8,weight_loss,https://images.unsplash.com/photo-1508747703725-719777637510?auto=format&fit=crop&w=600&q=80
Double Portion Onion (Pyaj),Vegetables,80,2.2,18.6,0.2,3.4,weight_loss,https://images.unsplash.com/photo-1508747703725-719777637510?auto=format&fit=crop&w=600&q=80
Garlic (Lasun),Vegetables,149,6.4,33.1,0.5,2.1,maintenance,https://images.unsplash.com/photo-1540148426945-6cf22a6b2383?auto=format&fit=crop&w=600&q=80
Half Portion Garlic (Lasun),Vegetables,74,3.2,16.6,0.2,1.1,maintenance,https://images.unsplash.com/photo-1540148426945-6cf22a6b2383?auto=format&fit=crop&w=600&q=80
Double Portion Garlic (Lasun),Vegetables,298,12.8,66.2,1.0,4.2,maintenance,https://images.unsplash.com/photo-1540148426945-6cf22a6b2383?auto=format&fit=crop&w=600&q=80
Ginger (Adrak),Vegetables,80,1.8,17.8,0.8,2.0,maintenance,https://images.unsplash.com/photo-1588166524941-3bf61a9c41db?auto=format&fit=crop&w=600&q=80
Half Portion Ginger (Adrak),Vegetables,40,0.9,8.9,0.4,1.0,maintenance,https://images.unsplash.com/photo-1588166524941-3bf61a9c41db?auto=format&fit=crop&w=600&q=80
Double Portion Ginger (Adrak),Vegetables,160,3.6,35.6,1.6,4.0,maintenance,https://images.unsplash.com/photo-1588166524941-3bf61a9c41db?auto=format&fit=crop&w=600&q=80
Radish (Mula),Vegetables,16,0.7,3.4,0.1,1.6,weight_loss,https://images.unsplash.com/photo-1592394533824-9440e5d68514?auto=format&fit=crop&w=600&q=80
Half Portion Radish (Mula),Vegetables,8,0.3,1.7,0.1,0.8,weight_loss,https://images.unsplash.com/photo-1592394533824-9440e5d68514?auto=format&fit=crop&w=600&q=80
Double Portion Radish (Mula),Vegetables,32,1.4,6.8,0.2,3.2,weight_loss,https://images.unsplash.com/photo-1592394533824-9440e5d68514?auto=format&fit=crop&w=600&q=80
Carrot (Gajar),Vegetables,41,0.9,9.6,0.2,2.8,weight_loss,https://images.unsplash.com/photo-1598170845058-32b996a6885e?auto=format&fit=crop&w=600&q=80
Half Portion Carrot (Gajar),Vegetables,20,0.5,4.8,0.1,1.4,weight_loss,https://images.unsplash.com/photo-1598170845058-32b996a6885e?auto=format&fit=crop&w=600&q=80
Double Portion Carrot (Gajar),Vegetables,82,1.8,19.2,0.4,5.6,weight_loss,https://images.unsplash.com/photo-1598170845058-32b996a6885e?auto=format&fit=crop&w=600&q=80
Broccoli,Vegetables,34,2.8,6.6,0.4,2.6,weight_loss,https://images.unsplash.com/photo-1453133451515-5ff7c1d0d63c?auto=format&fit=crop&w=600&q=80
Half Portion Broccoli,Vegetables,17,1.4,3.3,0.2,1.3,weight_loss,https://images.unsplash.com/photo-1453133451515-5ff7c1d0d63c?auto=format&fit=crop&w=600&q=80
Double Portion Broccoli,Vegetables,68,5.6,13.2,0.8,5.2,weight_loss,https://images.unsplash.com/photo-1453133451515-5ff7c1d0d63c?auto=format&fit=crop&w=600&q=80
Bitter Gourd (Karela),Vegetables,17,1.0,3.7,0.2,2.8,weight_loss,https://images.unsplash.com/photo-1587486913049-53fc88980cfc?auto=format&fit=crop&w=600&q=80
Half Portion Bitter Gourd (Karela),Vegetables,8,0.5,1.9,0.1,1.4,weight_loss,https://images.unsplash.com/photo-1587486913049-53fc88980cfc?auto=format&fit=crop&w=600&q=80
Double Portion Bitter Gourd (Karela),Vegetables,34,2.0,7.4,0.4,5.6,weight_loss,https://images.unsplash.com/photo-1587486913049-53fc88980cfc?auto=format&fit=crop&w=600&q=80
Pumpkin (Farsi),Vegetables,26,1.0,6.5,0.1,0.5,weight_loss,https://images.unsplash.com/photo-1506744038136-46273834b3fb?auto=format&fit=crop&w=600&q=80
Half Portion Pumpkin (Farsi),Vegetables,13,0.5,3.2,0.1,0.2,weight_loss,https://images.unsplash.com/photo-1506744038136-46273834b3fb?auto=format&fit=crop&w=600&q=80
Double Portion Pumpkin (Farsi),Vegetables,52,2.0,13.0,0.2,1.0,weight_loss,https://images.unsplash.com/photo-1506744038136-46273834b3fb?auto=format&fit=crop&w=600&q=80
Bamboo Shoot (Tama),Vegetables,27,2.6,5.2,0.3,2.2,weight_loss,https://images.unsplash.com/photo-1540420773420-3366772f4999?auto=format&fit=crop&w=600&q=80
Half Portion Bamboo Shoot (Tama),Vegetables,14,1.3,2.6,0.1,1.1,weight_loss,https://images.unsplash.com/photo-1540420773420-3366772f4999?auto=format&fit=crop&w=600&q=80
Double Portion Bamboo Shoot (Tama),Vegetables,54,5.2,10.4,0.6,4.4,weight_loss,https://images.unsplash.com/photo-1540420773420-3366772f4999?auto=format&fit=crop&w=600&q=80
Mustard Greens (Rayo Saag),Vegetables,27,2.7,4.7,0.4,3.2,weight_loss,https://images.unsplash.com/photo-1576045057995-568f588f82fb?auto=format&fit=crop&w=600&q=80
Half Portion Mustard Greens (Rayo Saag),Vegetables,14,1.4,2.4,0.2,1.6,weight_loss,https://images.unsplash.com/photo-1576045057995-568f588f82fb?auto=format&fit=crop&w=600&q=80
Double Portion Mustard Greens (Rayo Saag),Vegetables,54,5.4,9.4,0.8,6.4,weight_loss,https://images.unsplash.com/photo-1576045057995-568f588f82fb?auto=format&fit=crop&w=600&q=80
Fenugreek Leaves (Methi),Vegetables,49,4.4,6.0,0.9,2.7,weight_loss,https://images.unsplash.com/photo-1540420773420-3366772f4999?auto=format&fit=crop&w=600&q=80
Half Portion Fenugreek Leaves (Methi),Vegetables,24,2.2,3.0,0.5,1.4,weight_loss,https://images.unsplash.com/photo-1540420773420-3366772f4999?auto=format&fit=crop&w=600&q=80
Double Portion Fenugreek Leaves (Methi),Vegetables,98,8.8,12.0,1.8,5.4,weight_loss,https://images.unsplash.com/photo-1540420773420-3366772f4999?auto=format&fit=crop&w=600&q=80
Green Peas (Kerau),Vegetables,81,5.4,14.5,0.4,5.1,maintenance,https://images.unsplash.com/photo-1587486913049-53fc88980cfc?auto=format&fit=crop&w=600&q=80
Half Portion Green Peas (Kerau),Vegetables,40,2.7,7.2,0.2,2.5,maintenance,https://images.unsplash.com/photo-1587486913049-53fc88980cfc?auto=format&fit=crop&w=600&q=80
Double Portion Green Peas (Kerau),Vegetables,162,10.8,29.0,0.8,10.2,maintenance,https://images.unsplash.com/photo-1587486913049-53fc88980cfc?auto=format&fit=crop&w=600&q=80
Sweet Potato (Sakhar Kanda),Vegetables,86,1.6,20.1,0.1,3.0,maintenance,https://images.unsplash.com/photo-1596461404969-9ae70f2830c1?auto=format&fit=crop&w=600&q=80
Half Portion Sweet Potato (Sakhar Kanda),Vegetables,43,0.8,10.1,0.1,1.5,maintenance,https://images.unsplash.com/photo-1596461404969-9ae70f2830c1?auto=format&fit=crop&w=600&q=80
Double Portion Sweet Potato (Sakhar Kanda),Vegetables,172,3.2,40.2,0.2,6.0,maintenance,https://images.unsplash.com/photo-1596461404969-9ae70f2830c1?auto=format&fit=crop&w=600&q=80
Buffalo Meat (Buff),Meat,131,26.0,0.0,2.8,0.0,muscle_gain,https://images.unsplash.com/photo-1544025162-d76694265947?auto=format&fit=crop&w=600&q=80
Half Portion Buffalo Meat (Buff),Meat,66,13.0,0.0,1.4,0.0,muscle_gain,https://images.unsplash.com/photo-1544025162-d76694265947?auto=format&fit=crop&w=600&q=80
Double Portion Buffalo Meat (Buff),Meat,262,52.0,0.0,5.6,0.0,muscle_gain,https://images.unsplash.com/photo-1544025162-d76694265947?auto=format&fit=crop&w=600&q=80
Chicken Curry,Meat,215,23.0,5.2,11.5,0.5,muscle_gain,https://images.unsplash.com/photo-1604908176997-125f25cc6f3d?auto=format&fit=crop&w=600&q=80
Half Portion Chicken Curry,Meat,108,11.5,2.6,5.8,0.2,muscle_gain,https://images.unsplash.com/photo-1604908176997-125f25cc6f3d?auto=format&fit=crop&w=600&q=80
Double Portion Chicken Curry,Meat,430,46.0,10.4,23.0,1.0,muscle_gain,https://images.unsplash.com/photo-1604908176997-125f25cc6f3d?auto=format&fit=crop&w=600&q=80
Mutton Curry,Meat,258,24.5,4.0,16.2,0.0,muscle_gain,https://images.unsplash.com/photo-1546833999-b9f581a1996d?auto=format&fit=crop&w=600&q=80
Half Portion Mutton Curry,Meat,129,12.2,2.0,8.1,0.0,muscle_gain,https://images.unsplash.com/photo-1546833999-b9f581a1996d?auto=format&fit=crop&w=600&q=80
Double Portion Mutton Curry,Meat,516,49.0,8.0,32.4,0.0,muscle_gain,https://images.unsplash.com/photo-1546833999-b9f581a1996d?auto=format&fit=crop&w=600&q=80
Sukuti (Dried Meat),Meat,234,40.0,2.0,6.5,0.0,muscle_gain,https://images.unsplash.com/photo-1608219990948-21934c77b8cb?auto=format&fit=crop&w=600&q=80
Half Portion Sukuti (Dried Meat),Meat,117,20.0,1.0,3.2,0.0,muscle_gain,https://images.unsplash.com/photo-1608219990948-21934c77b8cb?auto=format&fit=crop&w=600&q=80
Double Portion Sukuti (Dried Meat),Meat,468,80.0,4.0,13.0,0.0,muscle_gain,https://images.unsplash.com/photo-1608219990948-21934c77b8cb?auto=format&fit=crop&w=600&q=80
Pork (Sungur),Meat,242,27.3,0.0,14.4,0.0,muscle_gain,https://images.unsplash.com/photo-1602489107164-b841194975db?auto=format&fit=crop&w=600&q=80
Half Portion Pork (Sungur),Meat,121,13.7,0.0,7.2,0.0,muscle_gain,https://images.unsplash.com/photo-1602489107164-b841194975db?auto=format&fit=crop&w=600&q=80
Double Portion Pork (Sungur),Meat,484,54.6,0.0,28.8,0.0,muscle_gain,https://images.unsplash.com/photo-1602489107164-b841194975db?auto=format&fit=crop&w=600&q=80
Duck (Hans),Meat,337,19.0,0.0,28.4,0.0,muscle_gain,https://images.unsplash.com/photo-1544025162-d76694265947?auto=format&fit=crop&w=600&q=80
Half Portion Duck (Hans),Meat,168,9.5,0.0,14.2,0.0,muscle_gain,https://images.unsplash.com/photo-1544025162-d76694265947?auto=format&fit=crop&w=600&q=80
Double Portion Duck (Hans),Meat,674,38.0,0.0,56.8,0.0,muscle_gain,https://images.unsplash.com/photo-1544025162-d76694265947?auto=format&fit=crop&w=600&q=80
Rohu Fish (Rohu Macha),Fish & Seafood,97,16.7,0.0,3.0,0.0,weight_loss,https://images.unsplash.com/photo-1519708227418-c8fd9a32b7a2?auto=format&fit=crop&w=600&q=80
Half Portion Rohu Fish (Rohu Macha),Fish & Seafood,48,8.3,0.0,1.5,0.0,weight_loss,https://images.unsplash.com/photo-1519708227418-c8fd9a32b7a2?auto=format&fit=crop&w=600&q=80
Double Portion Rohu Fish (Rohu Macha),Fish & Seafood,194,33.4,0.0,6.0,0.0,weight_loss,https://images.unsplash.com/photo-1519708227418-c8fd9a32b7a2?auto=format&fit=crop&w=600&q=80
Catfish,Fish & Seafood,116,18.0,0.0,4.3,0.0,weight_loss,https://images.unsplash.com/photo-1519708227418-c8fd9a32b7a2?auto=format&fit=crop&w=600&q=80
Half Portion Catfish,Fish & Seafood,58,9.0,0.0,2.1,0.0,weight_loss,https://images.unsplash.com/photo-1519708227418-c8fd9a32b7a2?auto=format&fit=crop&w=600&q=80
Double Portion Catfish,Fish & Seafood,232,36.0,0.0,8.6,0.0,weight_loss,https://images.unsplash.com/photo-1519708227418-c8fd9a32b7a2?auto=format&fit=crop&w=600&q=80
Dried Fish (Sidra),Fish & Seafood,290,55.0,0.0,6.5,0.0,muscle_gain,https://images.unsplash.com/photo-1608219990948-21934c77b8cb?auto=format&fit=crop&w=600&q=80
Half Portion Dried Fish (Sidra),Fish & Seafood,145,27.5,0.0,3.2,0.0,muscle_gain,https://images.unsplash.com/photo-1608219990948-21934c77b8cb?auto=format&fit=crop&w=600&q=80
Double Portion Dried Fish (Sidra),Fish & Seafood,580,110.0,0.0,13.0,0.0,muscle_gain,https://images.unsplash.com/photo-1608219990948-21934c77b8cb?auto=format&fit=crop&w=600&q=80
Crab Curry,Fish & Seafood,119,16.5,3.5,4.8,0.0,weight_loss,https://images.unsplash.com/photo-1519708227418-c8fd9a32b7a2?auto=format&fit=crop&w=600&q=80
Half Portion Crab Curry,Fish & Seafood,60,8.2,1.8,2.4,0.0,weight_loss,https://images.unsplash.com/photo-1519708227418-c8fd9a32b7a2?auto=format&fit=crop&w=600&q=80
Double Portion Crab Curry,Fish & Seafood,238,33.0,7.0,9.6,0.0,weight_loss,https://images.unsplash.com/photo-1519708227418-c8fd9a32b7a2?auto=format&fit=crop&w=600&q=80
Boiled Egg,Eggs & Dairy,155,13.0,1.1,11.0,0.0,muscle_gain,https://images.unsplash.com/photo-1516685018646-549198525c1b?auto=format&fit=crop&w=600&q=80
Half Portion Boiled Egg,Eggs & Dairy,78,6.5,0.6,5.5,0.0,muscle_gain,https://images.unsplash.com/photo-1516685018646-549198525c1b?auto=format&fit=crop&w=600&q=80
Double Portion Boiled Egg,Eggs & Dairy,310,26.0,2.2,22.0,0.0,muscle_gain,https://images.unsplash.com/photo-1516685018646-549198525c1b?auto=format&fit=crop&w=600&q=80
Egg Curry,Eggs & Dairy,185,11.8,6.2,12.5,0.8,muscle_gain,https://images.unsplash.com/photo-1546833999-b9f581a1996d?auto=format&fit=crop&w=600&q=80
Half Portion Egg Curry,Eggs & Dairy,92,5.9,3.1,6.2,0.4,muscle_gain,https://images.unsplash.com/photo-1546833999-b9f581a1996d?auto=format&fit=crop&w=600&q=80
Double Portion Egg Curry,Eggs & Dairy,370,23.6,12.4,25.0,1.6,muscle_gain,https://images.unsplash.com/photo-1546833999-b9f581a1996d?auto=format&fit=crop&w=600&q=80
Scrambled Eggs,Eggs & Dairy,149,10.1,1.6,11.2,0.0,muscle_gain,https://images.unsplash.com/photo-1516685018646-549198525c1b?auto=format&fit=crop&w=600&q=80
Half Portion Scrambled Eggs,Eggs & Dairy,74,5.0,0.8,5.6,0.0,muscle_gain,https://images.unsplash.com/photo-1516685018646-549198525c1b?auto=format&fit=crop&w=600&q=80
Double Portion Scrambled Eggs,Eggs & Dairy,298,20.2,3.2,22.4,0.0,muscle_gain,https://images.unsplash.com/photo-1516685018646-549198525c1b?auto=format&fit=crop&w=600&q=80
Milk (Dudh),Eggs & Dairy,42,3.4,4.8,1.0,0.0,maintenance,https://images.unsplash.com/photo-1563636619-e9143da7973b?auto=format&fit=crop&w=600&q=80
Half Portion Milk (Dudh),Eggs & Dairy,21,1.7,2.4,0.5,0.0,maintenance,https://images.unsplash.com/photo-1563636619-e9143da7973b?auto=format&fit=crop&w=600&q=80
Double Portion Milk (Dudh),Eggs & Dairy,84,6.8,9.6,2.0,0.0,maintenance,https://images.unsplash.com/photo-1563636619-e9143da7973b?auto=format&fit=crop&w=600&q=80
Buffalo Milk,Eggs & Dairy,97,3.8,5.0,6.9,0.0,weight_gain,https://images.unsplash.com/photo-1563636619-e9143da7973b?auto=format&fit=crop&w=600&q=80
Half Portion Buffalo Milk,Eggs & Dairy,48,1.9,2.5,3.5,0.0,weight_gain,https://images.unsplash.com/photo-1563636619-e9143da7973b?auto=format&fit=crop&w=600&q=80
Double Portion Buffalo Milk,Eggs & Dairy,194,7.6,10.0,13.8,0.0,weight_gain,https://images.unsplash.com/photo-1563636619-e9143da7973b?auto=format&fit=crop&w=600&q=80
Yogurt (Dahi),Eggs & Dairy,61,3.5,4.7,3.3,0.0,maintenance,https://images.unsplash.com/photo-1488477181946-6428a0291777?auto=format&fit=crop&w=600&q=80
Half Portion Yogurt (Dahi),Eggs & Dairy,30,1.8,2.4,1.6,0.0,maintenance,https://images.unsplash.com/photo-1488477181946-6428a0291777?auto=format&fit=crop&w=600&q=80
Double Portion Yogurt (Dahi),Eggs & Dairy,122,7.0,9.4,6.6,0.0,maintenance,https://images.unsplash.com/photo-1488477181946-6428a0291777?auto=format&fit=crop&w=600&q=80
Paneer (Chhurpi Fresh),Eggs & Dairy,265,18.3,3.4,20.8,0.0,muscle_gain,https://images.unsplash.com/photo-1565557623262-b51c2513a641?auto=format&fit=crop&w=600&q=80
Half Portion Paneer (Chhurpi Fresh),Eggs & Dairy,132,9.2,1.7,10.4,0.0,muscle_gain,https://images.unsplash.com/photo-1565557623262-b51c2513a641?auto=format&fit=crop&w=600&q=80
Double Portion Paneer (Chhurpi Fresh),Eggs & Dairy,530,36.6,6.8,41.6,0.0,muscle_gain,https://images.unsplash.com/photo-1565557623262-b51c2513a641?auto=format&fit=crop&w=600&q=80
Hard Chhurpi,Eggs & Dairy,380,35.0,4.2,25.0,0.0,muscle_gain,https://images.unsplash.com/photo-1565557623262-b51c2513a641?auto=format&fit=crop&w=600&q=80
Half Portion Hard Chhurpi,Eggs & Dairy,190,17.5,2.1,12.5,0.0,muscle_gain,https://images.unsplash.com/photo-1565557623262-b51c2513a641?auto=format&fit=crop&w=600&q=80
Double Portion Hard Chhurpi,Eggs & Dairy,760,70.0,8.4,50.0,0.0,muscle_gain,https://images.unsplash.com/photo-1565557623262-b51c2513a641?auto=format&fit=crop&w=600&q=80
Butter (Nauni),Eggs & Dairy,717,0.9,0.1,81.1,0.0,weight_gain,https://images.unsplash.com/photo-1589985270826-4b7bb135bc9d?auto=format&fit=crop&w=600&q=80
Half Portion Butter (Nauni),Eggs & Dairy,358,0.5,0.1,40.5,0.0,weight_gain,https://images.unsplash.com/photo-1589985270826-4b7bb135bc9d?auto=format&fit=crop&w=600&q=80
Double Portion Butter (Nauni),Eggs & Dairy,1434,1.8,0.2,162.2,0.0,weight_gain,https://images.unsplash.com/photo-1589985270826-4b7bb135bc9d?auto=format&fit=crop&w=600&q=80
Ghee,Eggs & Dairy,900,0.0,0.0,100.0,0.0,weight_gain,https://images.unsplash.com/photo-1589985270826-4b7bb135bc9d?auto=format&fit=crop&w=600&q=80
Half Portion Ghee,Eggs & Dairy,450,0.0,0.0,50.0,0.0,weight_gain,https://images.unsplash.com/photo-1589985270826-4b7bb135bc9d?auto=format&fit=crop&w=600&q=80
Double Portion Ghee,Eggs & Dairy,1800,0.0,0.0,200.0,0.0,weight_gain,https://images.unsplash.com/photo-1589985270826-4b7bb135bc9d?auto=format&fit=crop&w=600&q=80
Momo (Steamed Dumpling),Street Food,245,12.5,28.0,9.0,1.5,maintenance,https://images.unsplash.com/photo-1534422298391-e4f8c172dddb?auto=format&fit=crop&w=600&q=80
Half Portion Momo (Steamed Dumpling),Street Food,122,6.2,14.0,4.5,0.8,maintenance,https://images.unsplash.com/photo-1534422298391-e4f8c172dddb?auto=format&fit=crop&w=600&q=80
Double Portion Momo (Steamed Dumpling),Street Food,490,25.0,56.0,18.0,3.0,maintenance,https://images.unsplash.com/photo-1534422298391-e4f8c172dddb?auto=format&fit=crop&w=600&q=80
Fried Momo,Street Food,320,12.0,28.5,16.5,1.2,maintenance,https://images.unsplash.com/photo-1534422298391-e4f8c172dddb?auto=format&fit=crop&w=600&q=80
Half Portion Fried Momo,Street Food,160,6.0,14.2,8.2,0.6,maintenance,https://images.unsplash.com/photo-1534422298391-e4f8c172dddb?auto=format&fit=crop&w=600&q=80
Double Portion Fried Momo,Street Food,640,24.0,57.0,33.0,2.4,maintenance,https://images.unsplash.com/photo-1534422298391-e4f8c172dddb?auto=format&fit=crop&w=600&q=80
Chowmein (Stir-fried Noodles),Street Food,310,9.5,52.0,8.5,2.5,maintenance,https://images.unsplash.com/photo-1585032226651-759b368d7246?auto=format&fit=crop&w=600&q=80
Half Portion Chowmein (Stir-fried Noodles),Street Food,155,4.8,26.0,4.2,1.2,maintenance,https://images.unsplash.com/photo-1585032226651-759b368d7246?auto=format&fit=crop&w=600&q=80
Double Portion Chowmein (Stir-fried Noodles),Street Food,620,19.0,104.0,17.0,5.0,maintenance,https://images.unsplash.com/photo-1585032226651-759b368d7246?auto=format&fit=crop&w=600&q=80
Thukpa (Noodle Soup),Street Food,220,11.0,35.0,5.0,3.0,weight_loss,https://images.unsplash.com/photo-1585032226651-759b368d7246?auto=format&fit=crop&w=600&q=80
Half Portion Thukpa (Noodle Soup),Street Food,110,5.5,17.5,2.5,1.5,weight_loss,https://images.unsplash.com/photo-1585032226651-759b368d7246?auto=format&fit=crop&w=600&q=80
Double Portion Thukpa (Noodle Soup),Street Food,440,22.0,70.0,10.0,6.0,weight_loss,https://images.unsplash.com/photo-1585032226651-759b368d7246?auto=format&fit=crop&w=600&q=80
Samosa,Street Food,262,5.2,32.8,13.2,2.8,maintenance,https://images.unsplash.com/photo-1601050690597-df056fb4ce78?auto=format&fit=crop&w=600&q=80
Half Portion Samosa,Street Food,131,2.6,16.4,6.6,1.4,maintenance,https://images.unsplash.com/photo-1601050690597-df056fb4ce78?auto=format&fit=crop&w=600&q=80
Double Portion Samosa,Street Food,524,10.4,65.6,26.4,5.6,maintenance,https://images.unsplash.com/photo-1601050690597-df056fb4ce78?auto=format&fit=crop&w=600&q=80
Chatpate,Street Food,180,5.5,32.0,4.5,4.0,weight_loss,https://images.unsplash.com/photo-1601050690117-94f5f6fa8bd7?auto=format&fit=crop&w=600&q=80
Half Portion Chatpate,Street Food,90,2.8,16.0,2.2,2.0,weight_loss,https://images.unsplash.com/photo-1601050690117-94f5f6fa8bd7?auto=format&fit=crop&w=600&q=80
Double Portion Chatpate,Street Food,360,11.0,64.0,9.0,8.0,weight_loss,https://images.unsplash.com/photo-1601050690117-94f5f6fa8bd7?auto=format&fit=crop&w=600&q=80
Aloo Tama (Potato Bamboo Curry),Traditional,145,4.5,25.5,3.5,3.5,maintenance,https://images.unsplash.com/photo-1546069901-ba9599a7e63c?auto=format&fit=crop&w=600&q=80
Half Portion Aloo Tama (Potato Bamboo Curry),Traditional,72,2.2,12.8,1.8,1.8,maintenance,https://images.unsplash.com/photo-1546069901-ba9599a7e63c?auto=format&fit=crop&w=600&q=80
Double Portion Aloo Tama (Potato Bamboo Curry),Traditional,290,9.0,51.0,7.0,7.0,maintenance,https://images.unsplash.com/photo-1546069901-ba9599a7e63c?auto=format&fit=crop&w=600&q=80
Kheer (Rice Pudding),Sweets,178,4.5,32.0,5.0,0.3,weight_gain,https://images.unsplash.com/photo-1589301760014-d929f3979dbc?auto=format&fit=crop&w=600&q=80
Half Portion Kheer (Rice Pudding),Sweets,89,2.2,16.0,2.5,0.1,weight_gain,https://images.unsplash.com/photo-1589301760014-d929f3979dbc?auto=format&fit=crop&w=600&q=80
Double Portion Kheer (Rice Pudding),Sweets,356,9.0,64.0,10.0,0.6,weight_gain,https://images.unsplash.com/photo-1589301760014-d929f3979dbc?auto=format&fit=crop&w=600&q=80
Halwa,Sweets,284,4.2,52.0,8.5,1.5,weight_gain,https://images.unsplash.com/photo-1587314168485-3236d6710814?auto=format&fit=crop&w=600&q=80
Half Portion Halwa,Sweets,142,2.1,26.0,4.2,0.8,weight_gain,https://images.unsplash.com/photo-1587314168485-3236d6710814?auto=format&fit=crop&w=600&q=80
Double Portion Halwa,Sweets,568,8.4,104.0,17.0,3.0,weight_gain,https://images.unsplash.com/photo-1587314168485-3236d6710814?auto=format&fit=crop&w=600&q=80
Jeri (Jalebi),Sweets,337,2.3,67.5,7.7,0.3,weight_gain,https://images.unsplash.com/photo-1587314168485-3236d6710814?auto=format&fit=crop&w=600&q=80
Half Portion Jeri (Jalebi),Sweets,168,1.1,33.8,3.9,0.1,weight_gain,https://images.unsplash.com/photo-1587314168485-3236d6710814?auto=format&fit=crop&w=600&q=80
Double Portion Jeri (Jalebi),Sweets,674,4.6,135.0,15.4,0.6,weight_gain,https://images.unsplash.com/photo-1587314168485-3236d6710814?auto=format&fit=crop&w=600&q=80
Yomari,Traditional,285,5.5,52.0,7.5,2.0,maintenance,https://images.unsplash.com/photo-1587314168485-3236d6710814?auto=format&fit=crop&w=600&q=80
Half Portion Yomari,Traditional,142,2.8,26.0,3.8,1.0,maintenance,https://images.unsplash.com/photo-1587314168485-3236d6710814?auto=format&fit=crop&w=600&q=80
Double Portion Yomari,Traditional,570,11.0,104.0,15.0,4.0,maintenance,https://images.unsplash.com/photo-1587314168485-3236d6710814?auto=format&fit=crop&w=600&q=80
Bara (Black Lentil Pancake),Traditional,198,9.5,28.5,5.5,3.5,maintenance,https://images.unsplash.com/photo-1555507036-ab1f4038808a?auto=format&fit=crop&w=600&q=80
Half Portion Bara (Black Lentil Pancake),Traditional,99,4.8,14.2,2.8,1.8,maintenance,https://images.unsplash.com/photo-1555507036-ab1f4038808a?auto=format&fit=crop&w=600&q=80
Double Portion Bara (Black Lentil Pancake),Traditional,396,19.0,57.0,11.0,7.0,maintenance,https://images.unsplash.com/photo-1555507036-ab1f4038808a?auto=format&fit=crop&w=600&q=80
Woh,Traditional,192,9.0,27.5,5.8,3.0,maintenance,https://images.unsplash.com/photo-1555507036-ab1f4038808a?auto=format&fit=crop&w=600&q=80
Half Portion Woh,Traditional,96,4.5,13.8,2.9,1.5,maintenance,https://images.unsplash.com/photo-1555507036-ab1f4038808a?auto=format&fit=crop&w=600&q=80
Double Portion Woh,Traditional,384,18.0,55.0,11.6,6.0,maintenance,https://images.unsplash.com/photo-1555507036-ab1f4038808a?auto=format&fit=crop&w=600&q=80
Kwati (Mixed Bean Soup),Traditional,148,9.0,24.5,1.5,7.5,weight_loss,https://images.unsplash.com/photo-1547592180-85f173990554?auto=format&fit=crop&w=600&q=80
Half Portion Kwati (Mixed Bean Soup),Traditional,74,4.5,12.2,0.8,3.8,weight_loss,https://images.unsplash.com/photo-1547592180-85f173990554?auto=format&fit=crop&w=600&q=80
Double Portion Kwati (Mixed Bean Soup),Traditional,296,18.0,49.0,3.0,15.0,weight_loss,https://images.unsplash.com/photo-1547592180-85f173990554?auto=format&fit=crop&w=600&q=80
Aloo Achaar (Potato Pickle),Pickles,95,2.5,18.5,2.5,2.0,maintenance,https://images.unsplash.com/photo-1518977676601-b53f02db1d2d?auto=format&fit=crop&w=600&q=80
Half Portion Aloo Achaar (Potato Pickle),Pickles,48,1.2,9.2,1.2,1.0,maintenance,https://images.unsplash.com/photo-1518977676601-b53f02db1d2d?auto=format&fit=crop&w=600&q=80
Double Portion Aloo Achaar (Potato Pickle),Pickles,190,5.0,37.0,5.0,4.0,maintenance,https://images.unsplash.com/photo-1518977676601-b53f02db1d2d?auto=format&fit=crop&w=600&q=80
Mango (Aap),Fruits,60,0.8,15.0,0.4,1.6,maintenance,https://images.unsplash.com/photo-1553279768-865429fa0078?auto=format&fit=crop&w=600&q=80
Half Portion Mango (Aap),Fruits,30,0.4,7.5,0.2,0.8,maintenance,https://images.unsplash.com/photo-1553279768-865429fa0078?auto=format&fit=crop&w=600&q=80
Double Portion Mango (Aap),Fruits,120,1.6,30.0,0.8,3.2,maintenance,https://images.unsplash.com/photo-1553279768-865429fa0078?auto=format&fit=crop&w=600&q=80
Banana (Kera),Fruits,89,1.1,22.8,0.3,2.6,weight_gain,https://images.unsplash.com/photo-1571771894821-ce9b6c11b08e?auto=format&fit=crop&w=600&q=80
Half Portion Banana (Kera),Fruits,44,0.6,11.4,0.1,1.3,weight_gain,https://images.unsplash.com/photo-1571771894821-ce9b6c11b08e?auto=format&fit=crop&w=600&q=80
Double Portion Banana (Kera),Fruits,178,2.2,45.6,0.6,5.2,weight_gain,https://images.unsplash.com/photo-1571771894821-ce9b6c11b08e?auto=format&fit=crop&w=600&q=80
Apple (Syau),Fruits,52,0.3,13.8,0.2,2.4,weight_loss,https://images.unsplash.com/photo-1560806887-1e4cd0b6cbd6?auto=format&fit=crop&w=600&q=80
Half Portion Apple (Syau),Fruits,26,0.1,6.9,0.1,1.2,weight_loss,https://images.unsplash.com/photo-1560806887-1e4cd0b6cbd6?auto=format&fit=crop&w=600&q=80
Double Portion Apple (Syau),Fruits,104,0.6,27.6,0.4,4.8,weight_loss,https://images.unsplash.com/photo-1560806887-1e4cd0b6cbd6?auto=format&fit=crop&w=600&q=80
Orange (Suntala),Fruits,47,0.9,11.8,0.1,2.4,weight_loss,https://images.unsplash.com/photo-1611080626919-7cf5a9dbab5b?auto=format&fit=crop&w=600&q=80
Half Portion Orange (Suntala),Fruits,24,0.5,5.9,0.1,1.2,weight_loss,https://images.unsplash.com/photo-1611080626919-7cf5a9dbab5b?auto=format&fit=crop&w=600&q=80
Double Portion Orange (Suntala),Fruits,94,1.8,23.6,0.2,4.8,weight_loss,https://images.unsplash.com/photo-1611080626919-7cf5a9dbab5b?auto=format&fit=crop&w=600&q=80
Papaya (Mewa),Fruits,43,0.5,11.0,0.3,1.7,weight_loss,https://images.unsplash.com/photo-1528825871115-3581a5387919?auto=format&fit=crop&w=600&q=80
Half Portion Papaya (Mewa),Fruits,22,0.2,5.5,0.1,0.8,weight_loss,https://images.unsplash.com/photo-1528825871115-3581a5387919?auto=format&fit=crop&w=600&q=80
Double Portion Papaya (Mewa),Fruits,86,1.0,22.0,0.6,3.4,weight_loss,https://images.unsplash.com/photo-1528825871115-3581a5387919?auto=format&fit=crop&w=600&q=80
Guava (Amba),Fruits,68,2.6,14.3,1.0,5.4,weight_loss,https://images.unsplash.com/photo-1528825871115-3581a5387919?auto=format&fit=crop&w=600&q=80
Half Portion Guava (Amba),Fruits,34,1.3,7.2,0.5,2.7,weight_loss,https://images.unsplash.com/photo-1528825871115-3581a5387919?auto=format&fit=crop&w=600&q=80
Double Portion Guava (Amba),Fruits,136,5.2,28.6,2.0,10.8,weight_loss,https://images.unsplash.com/photo-1528825871115-3581a5387919?auto=format&fit=crop&w=600&q=80
Watermelon (Tarbuja),Fruits,30,0.6,7.6,0.2,0.4,weight_loss,https://images.unsplash.com/photo-1587049352846-4a222e784d38?auto=format&fit=crop&w=600&q=80
Half Portion Watermelon (Tarbuja),Fruits,15,0.3,3.8,0.1,0.2,weight_loss,https://images.unsplash.com/photo-1587049352846-4a222e784d38?auto=format&fit=crop&w=600&q=80
Double Portion Watermelon (Tarbuja),Fruits,60,1.2,15.2,0.4,0.8,weight_loss,https://images.unsplash.com/photo-1587049352846-4a222e784d38?auto=format&fit=crop&w=600&q=80
Pineapple (Bhuin Katahar),Fruits,50,0.5,13.1,0.1,1.4,weight_loss,https://images.unsplash.com/photo-1550258114-28ab25db93cd?auto=format&fit=crop&w=600&q=80
Half Portion Pineapple (Bhuin Katahar),Fruits,25,0.2,6.5,0.1,0.7,weight_loss,https://images.unsplash.com/photo-1550258114-28ab25db93cd?auto=format&fit=crop&w=600&q=80
Double Portion Pineapple (Bhuin Katahar),Fruits,100,1.0,26.2,0.2,2.8,weight_loss,https://images.unsplash.com/photo-1550258114-28ab25db93cd?auto=format&fit=crop&w=600&q=80
Litchi (Lichi),Fruits,66,0.8,16.5,0.4,1.3,maintenance,https://images.unsplash.com/photo-1553279768-865429fa0078?auto=format&fit=crop&w=600&q=80
Half Portion Litchi (Lichi),Fruits,33,0.4,8.2,0.2,0.7,maintenance,https://images.unsplash.com/photo-1553279768-865429fa0078?auto=format&fit=crop&w=600&q=80
Double Portion Litchi (Lichi),Fruits,132,1.6,33.0,0.8,2.6,maintenance,https://images.unsplash.com/photo-1553279768-865429fa0078?auto=format&fit=crop&w=600&q=80
Plum (Aarukhada),Fruits,46,0.7,11.4,0.3,1.4,weight_loss,https://images.unsplash.com/photo-1611080626919-7cf5a9dbab5b?auto=format&fit=crop&w=600&q=80
Half Portion Plum (Aarukhada),Fruits,23,0.3,5.7,0.1,0.7,weight_loss,https://images.unsplash.com/photo-1611080626919-7cf5a9dbab5b?auto=format&fit=crop&w=600&q=80
Double Portion Plum (Aarukhada),Fruits,92,1.4,22.8,0.6,2.8,weight_loss,https://images.unsplash.com/photo-1611080626919-7cf5a9dbab5b?auto=format&fit=crop&w=600&q=80
Pomegranate (Anar),Fruits,83,1.7,18.7,1.2,4.0,weight_loss,https://images.unsplash.com/photo-1528825871115-3581a5387919?auto=format&fit=crop&w=600&q=80
Half Portion Pomegranate (Anar),Fruits,42,0.8,9.3,0.6,2.0,weight_loss,https://images.unsplash.com/photo-1528825871115-3581a5387919?auto=format&fit=crop&w=600&q=80
Double Portion Pomegranate (Anar),Fruits,166,3.4,37.4,2.4,8.0,weight_loss,https://images.unsplash.com/photo-1528825871115-3581a5387919?auto=format&fit=crop&w=600&q=80
Jackfruit (Katahar),Fruits,95,1.7,23.2,0.6,1.5,weight_gain,https://images.unsplash.com/photo-1553279768-865429fa0078?auto=format&fit=crop&w=600&q=80
Half Portion Jackfruit (Katahar),Fruits,48,0.8,11.6,0.3,0.8,weight_gain,https://images.unsplash.com/photo-1553279768-865429fa0078?auto=format&fit=crop&w=600&q=80
Double Portion Jackfruit (Katahar),Fruits,190,3.4,46.4,1.2,3.0,weight_gain,https://images.unsplash.com/photo-1553279768-865429fa0078?auto=format&fit=crop&w=600&q=80
Avocado,Fruits,160,2.0,9.0,14.7,6.7,muscle_gain,https://images.unsplash.com/photo-1523049673857-eb18f1d7b578?auto=format&fit=crop&w=600&q=80
Half Portion Avocado,Fruits,80,1.0,4.5,7.3,3.4,muscle_gain,https://images.unsplash.com/photo-1523049673857-eb18f1d7b578?auto=format&fit=crop&w=600&q=80
Double Portion Avocado,Fruits,320,4.0,18.0,29.4,13.4,muscle_gain,https://images.unsplash.com/photo-1523049673857-eb18f1d7b578?auto=format&fit=crop&w=600&q=80
Milk Tea (Chiya),Beverages,74,2.2,9.8,3.1,0.0,maintenance,https://images.unsplash.com/photo-1576092768241-dec231879fc3?auto=format&fit=crop&w=600&q=80
Half Portion Milk Tea (Chiya),Beverages,37,1.1,4.9,1.6,0.0,maintenance,https://images.unsplash.com/photo-1576092768241-dec231879fc3?auto=format&fit=crop&w=600&q=80
Double Portion Milk Tea (Chiya),Beverages,148,4.4,19.6,6.2,0.0,maintenance,https://images.unsplash.com/photo-1576092768241-dec231879fc3?auto=format&fit=crop&w=600&q=80
Black Tea,Beverages,1,0.0,0.2,0.0,0.0,weight_loss,https://images.unsplash.com/photo-1597481499750-3e6b22637e12?auto=format&fit=crop&w=600&q=80
Half Portion Black Tea,Beverages,0,0.0,0.1,0.0,0.0,weight_loss,https://images.unsplash.com/photo-1597481499750-3e6b22637e12?auto=format&fit=crop&w=600&q=80
Double Portion Black Tea,Beverages,2,0.0,0.4,0.0,0.0,weight_loss,https://images.unsplash.com/photo-1597481499750-3e6b22637e12?auto=format&fit=crop&w=600&q=80
Lassi (Yogurt Drink),Beverages,97,4.1,11.5,4.2,0.0,maintenance,https://images.unsplash.com/photo-1553530666-ba11a7da3888?auto=format&fit=crop&w=600&q=80
Half Portion Lassi (Yogurt Drink),Beverages,48,2.0,5.8,2.1,0.0,maintenance,https://images.unsplash.com/photo-1553530666-ba11a7da3888?auto=format&fit=crop&w=600&q=80
Double Portion Lassi (Yogurt Drink),Beverages,194,8.2,23.0,8.4,0.0,maintenance,https://images.unsplash.com/photo-1553530666-ba11a7da3888?auto=format&fit=crop&w=600&q=80
Tongba (Millet Beer),Beverages,85,1.5,15.5,0.5,0.5,maintenance,https://images.unsplash.com/photo-1597481499750-3e6b22637e12?auto=format&fit=crop&w=600&q=80
Half Portion Tongba (Millet Beer),Beverages,42,0.8,7.8,0.2,0.2,maintenance,https://images.unsplash.com/photo-1597481499750-3e6b22637e12?auto=format&fit=crop&w=600&q=80
Double Portion Tongba (Millet Beer),Beverages,170,3.0,31.0,1.0,1.0,maintenance,https://images.unsplash.com/photo-1597481499750-3e6b22637e12?auto=format&fit=crop&w=600&q=80
Butter Tea (Churpi Chiya),Beverages,105,2.5,4.5,8.5,0.0,weight_gain,https://images.unsplash.com/photo-1576092768241-dec231879fc3?auto=format&fit=crop&w=600&q=80
Half Portion Butter Tea (Churpi Chiya),Beverages,52,1.2,2.2,4.2,0.0,weight_gain,https://images.unsplash.com/photo-1576092768241-dec231879fc3?auto=format&fit=crop&w=600&q=80
Double Portion Butter Tea (Churpi Chiya),Beverages,210,5.0,9.0,17.0,0.0,weight_gain,https://images.unsplash.com/photo-1576092768241-dec231879fc3?auto=format&fit=crop&w=600&q=80
Peanuts (Badaam),Nuts & Seeds,567,25.8,16.1,49.2,8.5,muscle_gain,https://images.unsplash.com/photo-1568254183919-78a4f43a2877?auto=format&fit=crop&w=600&q=80
Half Portion Peanuts (Badaam),Nuts & Seeds,284,12.9,8.1,24.6,4.2,muscle_gain,https://images.unsplash.com/photo-1568254183919-78a4f43a2877?auto=format&fit=crop&w=600&q=80
Double Portion Peanuts (Badaam),Nuts & Seeds,1134,51.6,32.2,98.4,17.0,muscle_gain,https://images.unsplash.com/photo-1568254183919-78a4f43a2877?auto=format&fit=crop&w=600&q=80
Sesame Seeds (Til),Nuts & Seeds,573,17.7,23.4,49.7,11.8,muscle_gain,https://images.unsplash.com/photo-1508061253366-f7da158b6cd9?auto=format&fit=crop&w=600&q=80
Half Portion Sesame Seeds (Til),Nuts & Seeds,286,8.8,11.7,24.9,5.9,muscle_gain,https://images.unsplash.com/photo-1508061253366-f7da158b6cd9?auto=format&fit=crop&w=600&q=80
Double Portion Sesame Seeds (Til),Nuts & Seeds,1146,35.4,46.8,99.4,23.6,muscle_gain,https://images.unsplash.com/photo-1508061253366-f7da158b6cd9?auto=format&fit=crop&w=600&q=80
Walnuts (Okhar),Nuts & Seeds,654,15.2,13.7,65.2,6.7,muscle_gain,https://images.unsplash.com/photo-1508061253366-f7da158b6cd9?auto=format&fit=crop&w=600&q=80
Half Portion Walnuts (Okhar),Nuts & Seeds,327,7.6,6.8,32.6,3.4,muscle_gain,https://images.unsplash.com/photo-1508061253366-f7da158b6cd9?auto=format&fit=crop&w=600&q=80
Double Portion Walnuts (Okhar),Nuts & Seeds,1308,30.4,27.4,130.4,13.4,muscle_gain,https://images.unsplash.com/photo-1508061253366-f7da158b6cd9?auto=format&fit=crop&w=600&q=80
Almonds,Nuts & Seeds,579,21.2,21.7,49.9,12.5,muscle_gain,https://images.unsplash.com/photo-1508061253366-f7da158b6cd9?auto=format&fit=crop&w=600&q=80
Half Portion Almonds,Nuts & Seeds,290,10.6,10.8,24.9,6.2,muscle_gain,https://images.unsplash.com/photo-1508061253366-f7da158b6cd9?auto=format&fit=crop&w=600&q=80
Double Portion Almonds,Nuts & Seeds,1158,42.4,43.4,99.8,25.0,muscle_gain,https://images.unsplash.com/photo-1508061253366-f7da158b6cd9?auto=format&fit=crop&w=600&q=80
Flaxseeds (Alsi),Nuts & Seeds,534,18.3,28.9,42.2,27.3,weight_loss,https://images.unsplash.com/photo-1508061253366-f7da158b6cd9?auto=format&fit=crop&w=600&q=80
Half Portion Flaxseeds (Alsi),Nuts & Seeds,267,9.2,14.4,21.1,13.7,weight_loss,https://images.unsplash.com/photo-1508061253366-f7da158b6cd9?auto=format&fit=crop&w=600&q=80
Double Portion Flaxseeds (Alsi),Nuts & Seeds,1068,36.6,57.8,84.4,54.6,weight_loss,https://images.unsplash.com/photo-1508061253366-f7da158b6cd9?auto=format&fit=crop&w=600&q=80
Mustard Oil,Oils,884,0.0,0.0,100.0,0.0,maintenance,https://images.unsplash.com/photo-1474979266404-7eaacbcd87c5?auto=format&fit=crop&w=600&q=80
Half Portion Mustard Oil,Oils,442,0.0,0.0,50.0,0.0,maintenance,https://images.unsplash.com/photo-1474979266404-7eaacbcd87c5?auto=format&fit=crop&w=600&q=80
Double Portion Mustard Oil,Oils,1768,0.0,0.0,200.0,0.0,maintenance,https://images.unsplash.com/photo-1474979266404-7eaacbcd87c5?auto=format&fit=crop&w=600&q=80
Coconut Oil,Oils,862,0.0,0.0,100.0,0.0,maintenance,https://images.unsplash.com/photo-1474979266404-7eaacbcd87c5?auto=format&fit=crop&w=600&q=80
Half Portion Coconut Oil,Oils,431,0.0,0.0,50.0,0.0,maintenance,https://images.unsplash.com/photo-1474979266404-7eaacbcd87c5?auto=format&fit=crop&w=600&q=80
Double Portion Coconut Oil,Oils,1724,0.0,0.0,200.0,0.0,maintenance,https://images.unsplash.com/photo-1474979266404-7eaacbcd87c5?auto=format&fit=crop&w=600&q=80
Soybean Oil,Oils,884,0.0,0.0,100.0,0.0,maintenance,https://images.unsplash.com/photo-1474979266404-7eaacbcd87c5?auto=format&fit=crop&w=600&q=80
Half Portion Soybean Oil,Oils,442,0.0,0.0,50.0,0.0,maintenance,https://images.unsplash.com/photo-1474979266404-7eaacbcd87c5?auto=format&fit=crop&w=600&q=80
Double Portion Soybean Oil,Oils,1768,0.0,0.0,200.0,0.0,maintenance,https://images.unsplash.com/photo-1474979266404-7eaacbcd87c5?auto=format&fit=crop&w=600&q=80
Aloo Paratha,Bread & Roti,300,7.0,42.0,12.5,3.0,maintenance,https://images.unsplash.com/photo-1613564834644-a170dc930e40?auto=format&fit=crop&w=600&q=80
Half Portion Aloo Paratha,Bread & Roti,150,3.5,21.0,6.2,1.5,maintenance,https://images.unsplash.com/photo-1613564834644-a170dc930e40?auto=format&fit=crop&w=600&q=80
Double Portion Aloo Paratha,Bread & Roti,600,14.0,84.0,25.0,6.0,maintenance,https://images.unsplash.com/photo-1613564834644-a170dc930e40?auto=format&fit=crop&w=600&q=80
Saag (Leafy Green Curry),Vegetables,65,4.5,7.5,2.5,4.5,weight_loss,https://images.unsplash.com/photo-1576045057995-568f588f82fb?auto=format&fit=crop&w=600&q=80
Half Portion Saag (Leafy Green Curry),Vegetables,32,2.2,3.8,1.2,2.2,weight_loss,https://images.unsplash.com/photo-1576045057995-568f588f82fb?auto=format&fit=crop&w=600&q=80
Double Portion Saag (Leafy Green Curry),Vegetables,130,9.0,15.0,5.0,9.0,weight_loss,https://images.unsplash.com/photo-1576045057995-568f588f82fb?auto=format&fit=crop&w=600&q=80
Biryani (Pulao),Rice & Grains,290,9.5,45.5,9.5,2.0,maintenance,https://images.unsplash.com/photo-1546833999-b9f581a1996d?auto=format&fit=crop&w=600&q=80
Half Portion Biryani (Pulao),Rice & Grains,145,4.8,22.8,4.8,1.0,maintenance,https://images.unsplash.com/photo-1546833999-b9f581a1996d?auto=format&fit=crop&w=600&q=80
Double Portion Biryani (Pulao),Rice & Grains,580,19.0,91.0,19.0,4.0,maintenance,https://images.unsplash.com/photo-1546833999-b9f581a1996d?auto=format&fit=crop&w=600&q=80
Fried Rice (Bhuteko Bhat),Rice & Grains,238,7.0,38.5,7.5,1.5,maintenance,https://images.unsplash.com/photo-1512058564366-18510be2db19?auto=format&fit=crop&w=600&q=80
Half Portion Fried Rice (Bhuteko Bhat),Rice & Grains,119,3.5,19.2,3.8,0.8,maintenance,https://images.unsplash.com/photo-1512058564366-18510be2db19?auto=format&fit=crop&w=600&q=80
Double Portion Fried Rice (Bhuteko Bhat),Rice & Grains,476,14.0,77.0,15.0,3.0,maintenance,https://images.unsplash.com/photo-1512058564366-18510be2db19?auto=format&fit=crop&w=600&q=80
Noodle Soup (Wai Wai),Street Food,330,7.5,47.0,13.5,1.5,maintenance,https://images.unsplash.com/photo-1585032226651-759b368d7246?auto=format&fit=crop&w=600&q=80
Half Portion Noodle Soup (Wai Wai),Street Food,165,3.8,23.5,6.8,0.8,maintenance,https://images.unsplash.com/photo-1585032226651-759b368d7246?auto=format&fit=crop&w=600&q=80
Double Portion Noodle Soup (Wai Wai),Street Food,660,15.0,94.0,27.0,3.0,maintenance,https://images.unsplash.com/photo-1585032226651-759b368d7246?auto=format&fit=crop&w=600&q=80
Fish Curry (Macha Ko Jhol),Fish & Seafood,165,18.5,5.5,7.5,1.0,weight_loss,https://images.unsplash.com/photo-1519708227418-c8fd9a32b7a2?auto=format&fit=crop&w=600&q=80
Half Portion Fish Curry (Macha Ko Jhol),Fish & Seafood,82,9.2,2.8,3.8,0.5,weight_loss,https://images.unsplash.com/photo-1519708227418-c8fd9a32b7a2?auto=format&fit=crop&w=600&q=80
Double Portion Fish Curry (Macha Ko Jhol),Fish & Seafood,330,37.0,11.0,15.0,2.0,weight_loss,https://images.unsplash.com/photo-1519708227418-c8fd9a32b7a2?auto=format&fit=crop&w=600&q=80
Lemon (Kagati),Fruits,29,1.1,9.3,0.3,2.8,weight_loss,https://images.unsplash.com/photo-1611080626919-7cf5a9dbab5b?auto=format&fit=crop&w=600&q=80
Half Portion Lemon (Kagati),Fruits,14,0.6,4.7,0.1,1.4,weight_loss,https://images.unsplash.com/photo-1611080626919-7cf5a9dbab5b?auto=format&fit=crop&w=600&q=80
Double Portion Lemon (Kagati),Fruits,58,2.2,18.6,0.6,5.6,weight_loss,https://images.unsplash.com/photo-1611080626919-7cf5a9dbab5b?auto=format&fit=crop&w=600&q=80
Brinjal/Eggplant (Bhanta),Vegetables,25,1.0,5.9,0.2,3.0,weight_loss,https://images.unsplash.com/photo-1606787366850-de6330128bfc?auto=format&fit=crop&w=600&q=80
Half Portion Brinjal/Eggplant (Bhanta),Vegetables,12,0.5,3.0,0.1,1.5,weight_loss,https://images.unsplash.com/photo-1606787366850-de6330128bfc?auto=format&fit=crop&w=600&q=80
Double Portion Brinjal/Eggplant (Bhanta),Vegetables,50,2.0,11.8,0.4,6.0,weight_loss,https://images.unsplash.com/photo-1606787366850-de6330128bfc?auto=format&fit=crop&w=600&q=80
Ketchup (Tomato Sauce),Condiments,112,1.4,26.6,0.2,0.3,maintenance,https://images.unsplash.com/photo-1595855759920-86582396756a?auto=format&fit=crop&w=600&q=80
Half Portion Ketchup (Tomato Sauce),Condiments,56,0.7,13.3,0.1,0.1,maintenance,https://images.unsplash.com/photo-1595855759920-86582396756a?auto=format&fit=crop&w=600&q=80
Double Portion Ketchup (Tomato Sauce),Condiments,224,2.8,53.2,0.4,0.6,maintenance,https://images.unsplash.com/photo-1595855759920-86582396756a?auto=format&fit=crop&w=600&q=80
Pickle (Achaar),Pickles,70,1.5,12.5,2.5,2.5,maintenance,https://images.unsplash.com/photo-1601050690117-94f5f6fa8bd7?auto=format&fit=crop&w=600&q=80
Half Portion Pickle (Achaar),Pickles,35,0.8,6.2,1.2,1.2,maintenance,https://images.unsplash.com/photo-1601050690117-94f5f6fa8bd7?auto=format&fit=crop&w=600&q=80
Double Portion Pickle (Achaar),Pickles,140,3.0,25.0,5.0,5.0,maintenance,https://images.unsplash.com/photo-1601050690117-94f5f6fa8bd7?auto=format&fit=crop&w=600&q=80
Honey (Maaha),Sweets,304,0.3,82.4,0.0,0.2,maintenance,https://images.unsplash.com/photo-1587314168485-3236d6710814?auto=format&fit=crop&w=600&q=80
Half Portion Honey (Maaha),Sweets,152,0.1,41.2,0.0,0.1,maintenance,https://images.unsplash.com/photo-1587314168485-3236d6710814?auto=format&fit=crop&w=600&q=80
Double Portion Honey (Maaha),Sweets,608,0.6,164.8,0.0,0.4,maintenance,https://images.unsplash.com/photo-1587314168485-3236d6710814?auto=format&fit=crop&w=600&q=80
Jaggery (Gud),Sweets,383,0.4,98.0,0.1,0.0,weight_gain,https://images.unsplash.com/photo-1587314168485-3236d6710814?auto=format&fit=crop&w=600&q=80
Half Portion Jaggery (Gud),Sweets,192,0.2,49.0,0.1,0.0,weight_gain,https://images.unsplash.com/photo-1587314168485-3236d6710814?auto=format&fit=crop&w=600&q=80
Double Portion Jaggery (Gud),Sweets,766,0.8,196.0,0.2,0.0,weight_gain,https://images.unsplash.com/photo-1587314168485-3236d6710814?auto=format&fit=crop&w=600&q=80
Lapsi Candy (Hog Plum),Snacks,44,0.5,10.9,0.1,1.8,weight_loss,https://images.unsplash.com/photo-1601050690117-94f5f6fa8bd7?auto=format&fit=crop&w=600&q=80
Half Portion Lapsi Candy (Hog Plum),Snacks,22,0.2,5.5,0.1,0.9,weight_loss,https://images.unsplash.com/photo-1601050690117-94f5f6fa8bd7?auto=format&fit=crop&w=600&q=80
Double Portion Lapsi Candy (Hog Plum),Snacks,88,1.0,21.8,0.2,3.6,weight_loss,https://images.unsplash.com/photo-1601050690117-94f5f6fa8bd7?auto=format&fit=crop&w=600&q=80
Popcorn,Snacks,375,11.0,74.3,4.5,14.5,weight_loss,https://images.unsplash.com/photo-1505253716362-afaea1d3d1af?auto=format&fit=crop&w=600&q=80
Half Portion Popcorn,Snacks,188,5.5,37.1,2.2,7.2,weight_loss,https://images.unsplash.com/photo-1505253716362-afaea1d3d1af?auto=format&fit=crop&w=600&q=80
Double Portion Popcorn,Snacks,750,22.0,148.6,9.0,29.0,weight_loss,https://images.unsplash.com/photo-1505253716362-afaea1d3d1af?auto=format&fit=crop&w=600&q=80
Roasted Corn (Bilaune Makai),Snacks,352,8.0,73.5,4.0,7.0,maintenance,https://images.unsplash.com/photo-1551754625-40137410b915?auto=format&fit=crop&w=600&q=80
Half Portion Roasted Corn (Bilaune Makai),Snacks,176,4.0,36.8,2.0,3.5,maintenance,https://images.unsplash.com/photo-1551754625-40137410b915?auto=format&fit=crop&w=600&q=80
Double Portion Roasted Corn (Bilaune Makai),Snacks,704,16.0,147.0,8.0,14.0,maintenance,https://images.unsplash.com/photo-1551754625-40137410b915?auto=format&fit=crop&w=600&q=80
Saatu (Roasted Flour),Snacks,388,14.2,70.5,6.5,4.5,weight_gain,https://images.unsplash.com/photo-1509440159596-0249088772ff?auto=format&fit=crop&w=600&q=80
Half Portion Saatu (Roasted Flour),Snacks,194,7.1,35.2,3.2,2.2,weight_gain,https://images.unsplash.com/photo-1509440159596-0249088772ff?auto=format&fit=crop&w=600&q=80
Double Portion Saatu (Roasted Flour),Snacks,776,28.4,141.0,13.0,9.0,weight_gain,https://images.unsplash.com/photo-1509440159596-0249088772ff?auto=format&fit=crop&w=600&q=80
Nimki (Crackers),Snacks,465,8.5,58.5,22.5,2.5,maintenance,https://images.unsplash.com/photo-1601050690117-94f5f6fa8bd7?auto=format&fit=crop&w=600&q=80
Half Portion Nimki (Crackers),Snacks,232,4.2,29.2,11.2,1.2,maintenance,https://images.unsplash.com/photo-1601050690117-94f5f6fa8bd7?auto=format&fit=crop&w=600&q=80
Double Portion Nimki (Crackers),Snacks,930,17.0,117.0,45.0,5.0,maintenance,https://images.unsplash.com/photo-1601050690117-94f5f6fa8bd7?auto=format&fit=crop&w=600&q=80
Papad,Snacks,371,19.5,64.5,4.5,2.0,maintenance,https://images.unsplash.com/photo-1555507036-ab1f4038808a?auto=format&fit=crop&w=600&q=80
Half Portion Papad,Snacks,186,9.8,32.2,2.2,1.0,maintenance,https://images.unsplash.com/photo-1555507036-ab1f4038808a?auto=format&fit=crop&w=600&q=80
Double Portion Papad,Snacks,742,39.0,129.0,9.0,4.0,maintenance,https://images.unsplash.com/photo-1555507036-ab1f4038808a?auto=format&fit=crop&w=600&q=80
Aloo Chips,Snacks,536,7.0,53.0,34.5,4.5,maintenance,https://images.unsplash.com/photo-1518977676601-b53f02db1d2d?auto=format&fit=crop&w=600&q=80
Half Portion Aloo Chips,Snacks,268,3.5,26.5,17.2,2.2,maintenance,https://images.unsplash.com/photo-1518977676601-b53f02db1d2d?auto=format&fit=crop&w=600&q=80
Double Portion Aloo Chips,Snacks,1072,14.0,106.0,69.0,9.0,maintenance,https://images.unsplash.com/photo-1518977676601-b53f02db1d2d?auto=format&fit=crop&w=600&q=80
Dhakane (Sprouted Gram),Snacks,133,9.0,22.5,0.8,8.5,weight_loss,https://images.unsplash.com/photo-1540420773420-3366772f4999?auto=format&fit=crop&w=600&q=80
Half Portion Dhakane (Sprouted Gram),Snacks,66,4.5,11.2,0.4,4.2,weight_loss,https://images.unsplash.com/photo-1540420773420-3366772f4999?auto=format&fit=crop&w=600&q=80
Double Portion Dhakane (Sprouted Gram),Snacks,266,18.0,45.0,1.6,17.0,weight_loss,https://images.unsplash.com/photo-1540420773420-3366772f4999?auto=format&fit=crop&w=600&q=80
Lentil Soup (Dal Jhol),Dal & Rice,98,6.5,15.5,1.2,4.0,weight_loss,https://images.unsplash.com/photo-1547592180-85f173990554?auto=format&fit=crop&w=600&q=80
Half Portion Lentil Soup (Dal Jhol),Dal & Rice,49,3.2,7.8,0.6,2.0,weight_loss,https://images.unsplash.com/photo-1547592180-85f173990554?auto=format&fit=crop&w=600&q=80
Double Portion Lentil Soup (Dal Jhol),Dal & Rice,196,13.0,31.0,2.4,8.0,weight_loss,https://images.unsplash.com/photo-1547592180-85f173990554?auto=format&fit=crop&w=600&q=80
Mixed Vegetable Curry,Vegetables,85,3.0,12.5,3.0,3.5,weight_loss,https://images.unsplash.com/photo-1540420773420-3366772f4999?auto=format&fit=crop&w=600&q=80
Half Portion Mixed Vegetable Curry,Vegetables,42,1.5,6.2,1.5,1.8,weight_loss,https://images.unsplash.com/photo-1540420773420-3366772f4999?auto=format&fit=crop&w=600&q=80
Double Portion Mixed Vegetable Curry,Vegetables,170,6.0,25.0,6.0,7.0,weight_loss,https://images.unsplash.com/photo-1540420773420-3366772f4999?auto=format&fit=crop&w=600&q=80
Paneer Curry,Eggs & Dairy,290,14.5,7.5,22.5,1.0,muscle_gain,https://images.unsplash.com/photo-1565557623262-b51c2513a641?auto=format&fit=crop&w=600&q=80
Half Portion Paneer Curry,Eggs & Dairy,145,7.2,3.8,11.2,0.5,muscle_gain,https://images.unsplash.com/photo-1565557623262-b51c2513a641?auto=format&fit=crop&w=600&q=80
Double Portion Paneer Curry,Eggs & Dairy,580,29.0,15.0,45.0,2.0,muscle_gain,https://images.unsplash.com/photo-1565557623262-b51c2513a641?auto=format&fit=crop&w=600&q=80
Tofu Stir Fry,Protein Foods,144,10.5,8.5,8.0,2.0,muscle_gain,https://images.unsplash.com/photo-1540420773420-3366772f4999?auto=format&fit=crop&w=600&q=80
Half Portion Tofu Stir Fry,Protein Foods,72,5.2,4.2,4.0,1.0,muscle_gain,https://images.unsplash.com/photo-1540420773420-3366772f4999?auto=format&fit=crop&w=600&q=80
Double Portion Tofu Stir Fry,Protein Foods,288,21.0,17.0,16.0,4.0,muscle_gain,https://images.unsplash.com/photo-1540420773420-3366772f4999?auto=format&fit=crop&w=600&q=80
Black Bean Curry,Legumes,155,9.5,24.5,3.0,8.5,muscle_gain,https://images.unsplash.com/photo-1551024709-8f23befc6f87?auto=format&fit=crop&w=600&q=80
Half Portion Black Bean Curry,Legumes,78,4.8,12.2,1.5,4.2,muscle_gain,https://images.unsplash.com/photo-1551024709-8f23befc6f87?auto=format&fit=crop&w=600&q=80
Double Portion Black Bean Curry,Legumes,310,19.0,49.0,6.0,17.0,muscle_gain,https://images.unsplash.com/photo-1551024709-8f23befc6f87?auto=format&fit=crop&w=600&q=80
Corn Soup,Soups,75,2.5,15.5,1.0,1.5,weight_loss,https://images.unsplash.com/photo-1551754625-40137410b915?auto=format&fit=crop&w=600&q=80
Half Portion Corn Soup,Soups,38,1.2,7.8,0.5,0.8,weight_loss,https://images.unsplash.com/photo-1551754625-40137410b915?auto=format&fit=crop&w=600&q=80
Double Portion Corn Soup,Soups,150,5.0,31.0,2.0,3.0,weight_loss,https://images.unsplash.com/photo-1551754625-40137410b915?auto=format&fit=crop&w=600&q=80
Tomato Soup,Soups,55,1.5,11.5,0.8,1.5,weight_loss,https://images.unsplash.com/photo-1595855759920-86582396756a?auto=format&fit=crop&w=600&q=80
Half Portion Tomato Soup,Soups,28,0.8,5.8,0.4,0.8,weight_loss,https://images.unsplash.com/photo-1595855759920-86582396756a?auto=format&fit=crop&w=600&q=80
Double Portion Tomato Soup,Soups,110,3.0,23.0,1.6,3.0,weight_loss,https://images.unsplash.com/photo-1595855759920-86582396756a?auto=format&fit=crop&w=600&q=80
Vegetable Soup,Soups,65,3.0,12.5,1.0,3.0,weight_loss,https://images.unsplash.com/photo-1540420773420-3366772f4999?auto=format&fit=crop&w=600&q=80
Half Portion Vegetable Soup,Soups,32,1.5,6.2,0.5,1.5,weight_loss,https://images.unsplash.com/photo-1540420773420-3366772f4999?auto=format&fit=crop&w=600&q=80
Double Portion Vegetable Soup,Soups,130,6.0,25.0,2.0,6.0,weight_loss,https://images.unsplash.com/photo-1540420773420-3366772f4999?auto=format&fit=crop&w=600&q=80
Chicken Soup,Soups,75,8.5,5.0,2.5,0.5,muscle_gain,https://images.unsplash.com/photo-1604908176997-125f25cc6f3d?auto=format&fit=crop&w=600&q=80
Half Portion Chicken Soup,Soups,38,4.2,2.5,1.2,0.2,muscle_gain,https://images.unsplash.com/photo-1604908176997-125f25cc6f3d?auto=format&fit=crop&w=600&q=80
Double Portion Chicken Soup,Soups,150,17.0,10.0,5.0,1.0,muscle_gain,https://images.unsplash.com/photo-1604908176997-125f25cc6f3d?auto=format&fit=crop&w=600&q=80
Fried Chicken,Meat,265,23.5,8.5,15.5,0.5,muscle_gain,https://images.unsplash.com/photo-1544025162-d76694265947?auto=format&fit=crop&w=600&q=80
Half Portion Fried Chicken,Meat,132,11.8,4.2,7.8,0.2,muscle_gain,https://images.unsplash.com/photo-1544025162-d76694265947?auto=format&fit=crop&w=600&q=80
Double Portion Fried Chicken,Meat,530,47.0,17.0,31.0,1.0,muscle_gain,https://images.unsplash.com/photo-1544025162-d76694265947?auto=format&fit=crop&w=600&q=80
Grilled Chicken Breast,Meat,165,31.0,0.0,3.6,0.0,muscle_gain,https://images.unsplash.com/photo-1604503468506-a8da13d82791?auto=format&fit=crop&w=600&q=80
Half Portion Grilled Chicken Breast,Meat,82,15.5,0.0,1.8,0.0,muscle_gain,https://images.unsplash.com/photo-1604503468506-a8da13d82791?auto=format&fit=crop&w=600&q=80
Double Portion Grilled Chicken Breast,Meat,330,62.0,0.0,7.2,0.0,muscle_gain,https://images.unsplash.com/photo-1604503468506-a8da13d82791?auto=format&fit=crop&w=600&q=80
Tuna (Canned),Fish & Seafood,116,26.0,0.0,1.0,0.0,muscle_gain,https://images.unsplash.com/photo-1519708227418-c8fd9a32b7a2?auto=format&fit=crop&w=600&q=80
Half Portion Tuna (Canned),Fish & Seafood,58,13.0,0.0,0.5,0.0,muscle_gain,https://images.unsplash.com/photo-1519708227418-c8fd9a32b7a2?auto=format&fit=crop&w=600&q=80
Double Portion Tuna (Canned),Fish & Seafood,232,52.0,0.0,2.0,0.0,muscle_gain,https://images.unsplash.com/photo-1519708227418-c8fd9a32b7a2?auto=format&fit=crop&w=600&q=80
Salmon Fillet,Fish & Seafood,208,20.0,0.0,13.4,0.0,muscle_gain,https://images.unsplash.com/photo-1519708227418-c8fd9a32b7a2?auto=format&fit=crop&w=600&q=80
Half Portion Salmon Fillet,Fish & Seafood,104,10.0,0.0,6.7,0.0,muscle_gain,https://images.unsplash.com/photo-1519708227418-c8fd9a32b7a2?auto=format&fit=crop&w=600&q=80
Double Portion Salmon Fillet,Fish & Seafood,416,40.0,0.0,26.8,0.0,muscle_gain,https://images.unsplash.com/photo-1519708227418-c8fd9a32b7a2?auto=format&fit=crop&w=600&q=80
Greek Yogurt,Eggs & Dairy,59,10.0,3.6,0.4,0.0,muscle_gain,https://images.unsplash.com/photo-1488477181946-6428a0291777?auto=format&fit=crop&w=600&q=80
Half Portion Greek Yogurt,Eggs & Dairy,30,5.0,1.8,0.2,0.0,muscle_gain,https://images.unsplash.com/photo-1488477181946-6428a0291777?auto=format&fit=crop&w=600&q=80
Double Portion Greek Yogurt,Eggs & Dairy,118,20.0,7.2,0.8,0.0,muscle_gain,https://images.unsplash.com/photo-1488477181946-6428a0291777?auto=format&fit=crop&w=600&q=80
Low Fat Milk,Eggs & Dairy,35,3.4,4.8,0.2,0.0,weight_loss,https://images.unsplash.com/photo-1563636619-e9143da7973b?auto=format&fit=crop&w=600&q=80
Half Portion Low Fat Milk,Eggs & Dairy,18,1.7,2.4,0.1,0.0,weight_loss,https://images.unsplash.com/photo-1563636619-e9143da7973b?auto=format&fit=crop&w=600&q=80
Double Portion Low Fat Milk,Eggs & Dairy,70,6.8,9.6,0.4,0.0,weight_loss,https://images.unsplash.com/photo-1563636619-e9143da7973b?auto=format&fit=crop&w=600&q=80
Whole Wheat Bread,Bread & Roti,247,13.0,41.0,3.4,7.0,weight_loss,https://images.unsplash.com/photo-1613564834644-a170dc930e40?auto=format&fit=crop&w=600&q=80
Half Portion Whole Wheat Bread,Bread & Roti,124,6.5,20.5,1.7,3.5,weight_loss,https://images.unsplash.com/photo-1613564834644-a170dc930e40?auto=format&fit=crop&w=600&q=80
Double Portion Whole Wheat Bread,Bread & Roti,494,26.0,82.0,6.8,14.0,weight_loss,https://images.unsplash.com/photo-1613564834644-a170dc930e40?auto=format&fit=crop&w=600&q=80
White Bread,Bread & Roti,265,9.0,49.0,3.2,2.7,maintenance,https://images.unsplash.com/photo-1509440159596-0249088772ff?auto=format&fit=crop&w=600&q=80
Half Portion White Bread,Bread & Roti,132,4.5,24.5,1.6,1.4,maintenance,https://images.unsplash.com/photo-1509440159596-0249088772ff?auto=format&fit=crop&w=600&q=80
Double Portion White Bread,Bread & Roti,530,18.0,98.0,6.4,5.4,maintenance,https://images.unsplash.com/photo-1509440159596-0249088772ff?auto=format&fit=crop&w=600&q=80
Pasta (Macaroni),Rice & Grains,371,13.0,74.7,1.5,3.2,maintenance,https://images.unsplash.com/photo-1585032226651-759b368d7246?auto=format&fit=crop&w=600&q=80
Half Portion Pasta (Macaroni),Rice & Grains,186,6.5,37.4,0.8,1.6,maintenance,https://images.unsplash.com/photo-1585032226651-759b368d7246?auto=format&fit=crop&w=600&q=80
Double Portion Pasta (Macaroni),Rice & Grains,742,26.0,149.4,3.0,6.4,maintenance,https://images.unsplash.com/photo-1585032226651-759b368d7246?auto=format&fit=crop&w=600&q=80
Pizza (Slice),Street Food,266,11.0,33.0,10.4,2.3,maintenance,https://images.unsplash.com/photo-1513104890138-7c749659a591?auto=format&fit=crop&w=600&q=80
Half Portion Pizza (Slice),Street Food,133,5.5,16.5,5.2,1.1,maintenance,https://images.unsplash.com/photo-1513104890138-7c749659a591?auto=format&fit=crop&w=600&q=80
Double Portion Pizza (Slice),Street Food,532,22.0,66.0,20.8,4.6,maintenance,https://images.unsplash.com/photo-1513104890138-7c749659a591?auto=format&fit=crop&w=600&q=80
Burger,Street Food,295,17.0,24.0,14.0,1.5,maintenance,https://images.unsplash.com/photo-1568901346375-23c9450c58cd?auto=format&fit=crop&w=600&q=80
Half Portion Burger,Street Food,148,8.5,12.0,7.0,0.8,maintenance,https://images.unsplash.com/photo-1568901346375-23c9450c58cd?auto=format&fit=crop&w=600&q=80
Double Portion Burger,Street Food,590,34.0,48.0,28.0,3.0,maintenance,https://images.unsplash.com/photo-1568901346375-23c9450c58cd?auto=format&fit=crop&w=600&q=80
French Fries,Street Food,312,3.4,41.4,15.0,3.8,maintenance,https://images.unsplash.com/photo-1573080496219-bb080dd4f877?auto=format&fit=crop&w=600&q=80
Half Portion French Fries,Street Food,156,1.7,20.7,7.5,1.9,maintenance,https://images.unsplash.com/photo-1573080496219-bb080dd4f877?auto=format&fit=crop&w=600&q=80
Double Portion French Fries,Street Food,624,6.8,82.8,30.0,7.6,maintenance,https://images.unsplash.com/photo-1573080496219-bb080dd4f877?auto=format&fit=crop&w=600&q=80
Sandwich,Street Food,250,10.5,33.5,8.5,3.0,maintenance,https://images.unsplash.com/photo-1613564834644-a170dc930e40?auto=format&fit=crop&w=600&q=80
Half Portion Sandwich,Street Food,125,5.2,16.8,4.2,1.5,maintenance,https://images.unsplash.com/photo-1613564834644-a170dc930e40?auto=format&fit=crop&w=600&q=80
Double Portion Sandwich,Street Food,500,21.0,67.0,17.0,6.0,maintenance,https://images.unsplash.com/photo-1613564834644-a170dc930e40?auto=format&fit=crop&w=600&q=80
Idli,Traditional,58,2.7,11.8,0.4,0.5,weight_loss,https://images.unsplash.com/photo-1515003197210-e0cd71810b5f?auto=format&fit=crop&w=600&q=80
Half Portion Idli,Traditional,29,1.4,5.9,0.2,0.2,weight_loss,https://images.unsplash.com/photo-1515003197210-e0cd71810b5f?auto=format&fit=crop&w=600&q=80
Double Portion Idli,Traditional,116,5.4,23.6,0.8,1.0,weight_loss,https://images.unsplash.com/photo-1515003197210-e0cd71810b5f?auto=format&fit=crop&w=600&q=80
Dosa,Traditional,165,4.5,30.0,3.5,1.2,maintenance,https://images.unsplash.com/photo-1515003197210-e0cd71810b5f?auto=format&fit=crop&w=600&q=80
Half Portion Dosa,Traditional,82,2.2,15.0,1.8,0.6,maintenance,https://images.unsplash.com/photo-1515003197210-e0cd71810b5f?auto=format&fit=crop&w=600&q=80
Double Portion Dosa,Traditional,330,9.0,60.0,7.0,2.4,maintenance,https://images.unsplash.com/photo-1515003197210-e0cd71810b5f?auto=format&fit=crop&w=600&q=80
Upma,Traditional,150,4.0,28.0,3.5,2.0,weight_loss,https://images.unsplash.com/photo-1541832676-9b763b0239ab?auto=format&fit=crop&w=600&q=80
Half Portion Upma,Traditional,75,2.0,14.0,1.8,1.0,weight_loss,https://images.unsplash.com/photo-1541832676-9b763b0239ab?auto=format&fit=crop&w=600&q=80
Double Portion Upma,Traditional,300,8.0,56.0,7.0,4.0,weight_loss,https://images.unsplash.com/photo-1541832676-9b763b0239ab?auto=format&fit=crop&w=600&q=80
Poha (Flattened Rice),Traditional,250,4.0,47.5,6.0,1.5,maintenance,https://images.unsplash.com/photo-1600271886742-f049cd451bba?auto=format&fit=crop&w=600&q=80
Half Portion Poha (Flattened Rice),Traditional,125,2.0,23.8,3.0,0.8,maintenance,https://images.unsplash.com/photo-1600271886742-f049cd451bba?auto=format&fit=crop&w=600&q=80
Double Portion Poha (Flattened Rice),Traditional,500,8.0,95.0,12.0,3.0,maintenance,https://images.unsplash.com/photo-1600271886742-f049cd451bba?auto=format&fit=crop&w=600&q=80
Cereal (Corn Flakes),Breakfast Foods,357,7.5,84.0,0.9,1.2,maintenance,https://images.unsplash.com/photo-1551754625-40137410b915?auto=format&fit=crop&w=600&q=80
Half Portion Cereal (Corn Flakes),Breakfast Foods,178,3.8,42.0,0.5,0.6,maintenance,https://images.unsplash.com/photo-1551754625-40137410b915?auto=format&fit=crop&w=600&q=80
Double Portion Cereal (Corn Flakes),Breakfast Foods,714,15.0,168.0,1.8,2.4,maintenance,https://images.unsplash.com/photo-1551754625-40137410b915?auto=format&fit=crop&w=600&q=80
Muesli,Breakfast Foods,370,11.5,65.0,8.5,7.5,weight_loss,https://images.unsplash.com/photo-1505253716362-afaea1d3d1af?auto=format&fit=crop&w=600&q=80
Half Portion Muesli,Breakfast Foods,185,5.8,32.5,4.2,3.8,weight_loss,https://images.unsplash.com/photo-1505253716362-afaea1d3d1af?auto=format&fit=crop&w=600&q=80
Double Portion Muesli,Breakfast Foods,740,23.0,130.0,17.0,15.0,weight_loss,https://images.unsplash.com/photo-1505253716362-afaea1d3d1af?auto=format&fit=crop&w=600&q=80
Granola,Breakfast Foods,471,10.0,64.0,20.0,6.5,weight_gain,https://images.unsplash.com/photo-1505253716362-afaea1d3d1af?auto=format&fit=crop&w=600&q=80
Half Portion Granola,Breakfast Foods,236,5.0,32.0,10.0,3.2,weight_gain,https://images.unsplash.com/photo-1505253716362-afaea1d3d1af?auto=format&fit=crop&w=600&q=80
Double Portion Granola,Breakfast Foods,942,20.0,128.0,40.0,13.0,weight_gain,https://images.unsplash.com/photo-1505253716362-afaea1d3d1af?auto=format&fit=crop&w=600&q=80
Protein Bar,Supplements,370,25.0,48.0,8.5,5.0,muscle_gain,https://images.unsplash.com/photo-1508061253366-f7da158b6cd9?auto=format&fit=crop&w=600&q=80
Half Portion Protein Bar,Supplements,185,12.5,24.0,4.2,2.5,muscle_gain,https://images.unsplash.com/photo-1508061253366-f7da158b6cd9?auto=format&fit=crop&w=600&q=80
Double Portion Protein Bar,Supplements,740,50.0,96.0,17.0,10.0,muscle_gain,https://images.unsplash.com/photo-1508061253366-f7da158b6cd9?auto=format&fit=crop&w=600&q=80
Protein Shake,Supplements,200,30.0,10.0,3.5,1.5,muscle_gain,https://images.unsplash.com/photo-1563636619-e9143da7973b?auto=format&fit=crop&w=600&q=80
Half Portion Protein Shake,Supplements,100,15.0,5.0,1.8,0.8,muscle_gain,https://images.unsplash.com/photo-1563636619-e9143da7973b?auto=format&fit=crop&w=600&q=80
Double Portion Protein Shake,Supplements,400,60.0,20.0,7.0,3.0,muscle_gain,https://images.unsplash.com/photo-1563636619-e9143da7973b?auto=format&fit=crop&w=600&q=80
Energy Drink,Beverages,112,1.0,28.0,0.0,0.0,maintenance,https://images.unsplash.com/photo-1597481499750-3e6b22637e12?auto=format&fit=crop&w=600&q=80
Half Portion Energy Drink,Beverages,56,0.5,14.0,0.0,0.0,maintenance,https://images.unsplash.com/photo-1597481499750-3e6b22637e12?auto=format&fit=crop&w=600&q=80
Double Portion Energy Drink,Beverages,224,2.0,56.0,0.0,0.0,maintenance,https://images.unsplash.com/photo-1597481499750-3e6b22637e12?auto=format&fit=crop&w=600&q=80
Orange Juice,Beverages,45,0.7,10.4,0.2,0.2,weight_loss,https://images.unsplash.com/photo-1611080626919-7cf5a9dbab5b?auto=format&fit=crop&w=600&q=80
Half Portion Orange Juice,Beverages,22,0.3,5.2,0.1,0.1,weight_loss,https://images.unsplash.com/photo-1611080626919-7cf5a9dbab5b?auto=format&fit=crop&w=600&q=80
Double Portion Orange Juice,Beverages,90,1.4,20.8,0.4,0.4,weight_loss,https://images.unsplash.com/photo-1611080626919-7cf5a9dbab5b?auto=format&fit=crop&w=600&q=80
Coconut Water,Beverages,19,0.7,3.7,0.2,1.1,weight_loss,https://images.unsplash.com/photo-1553530666-ba11a7da3888?auto=format&fit=crop&w=600&q=80
Half Portion Coconut Water,Beverages,10,0.3,1.9,0.1,0.6,weight_loss,https://images.unsplash.com/photo-1553530666-ba11a7da3888?auto=format&fit=crop&w=600&q=80
Double Portion Coconut Water,Beverages,38,1.4,7.4,0.4,2.2,weight_loss,https://images.unsplash.com/photo-1553530666-ba11a7da3888?auto=format&fit=crop&w=600&q=80
Sugarcane Juice (Ukhoo Ras),Beverages,78,0.3,19.5,0.1,0.0,maintenance,https://images.unsplash.com/photo-1597481499750-3e6b22637e12?auto=format&fit=crop&w=600&q=80
Half Portion Sugarcane Juice (Ukhoo Ras),Beverages,39,0.1,9.8,0.1,0.0,maintenance,https://images.unsplash.com/photo-1597481499750-3e6b22637e12?auto=format&fit=crop&w=600&q=80
Double Portion Sugarcane Juice (Ukhoo Ras),Beverages,156,0.6,39.0,0.2,0.0,maintenance,https://images.unsplash.com/photo-1597481499750-3e6b22637e12?auto=format&fit=crop&w=600&q=80
Coffee (Black),Beverages,1,0.3,0.0,0.0,0.0,weight_loss,https://images.unsplash.com/photo-1509042239860-f550ce710b93?auto=format&fit=crop&w=600&q=80
Half Portion Coffee (Black),Beverages,0,0.1,0.0,0.0,0.0,weight_loss,https://images.unsplash.com/photo-1509042239860-f550ce710b93?auto=format&fit=crop&w=600&q=80
Double Portion Coffee (Black),Beverages,2,0.6,0.0,0.0,0.0,weight_loss,https://images.unsplash.com/photo-1509042239860-f550ce710b93?auto=format&fit=crop&w=600&q=80
Lemon Water,Beverages,11,0.1,3.5,0.0,0.1,weight_loss,https://images.unsplash.com/photo-1611080626919-7cf5a9dbab5b?auto=format&fit=crop&w=600&q=80
Half Portion Lemon Water,Beverages,6,0.1,1.8,0.0,0.1,weight_loss,https://images.unsplash.com/photo-1611080626919-7cf5a9dbab5b?auto=format&fit=crop&w=600&q=80
Double Portion Lemon Water,Beverages,22,0.2,7.0,0.0,0.2,weight_loss,https://images.unsplash.com/photo-1611080626919-7cf5a9dbab5b?auto=format&fit=crop&w=600&q=80
Strawberry,Fruits,32,0.7,7.7,0.3,2.0,weight_loss,https://images.unsplash.com/photo-1560806887-1e4cd0b6cbd6?auto=format&fit=crop&w=600&q=80
Half Portion Strawberry,Fruits,16,0.3,3.9,0.1,1.0,weight_loss,https://images.unsplash.com/photo-1560806887-1e4cd0b6cbd6?auto=format&fit=crop&w=600&q=80
Double Portion Strawberry,Fruits,64,1.4,15.4,0.6,4.0,weight_loss,https://images.unsplash.com/photo-1560806887-1e4cd0b6cbd6?auto=format&fit=crop&w=600&q=80
Grapes (Angur),Fruits,67,0.6,17.2,0.4,0.9,maintenance,https://images.unsplash.com/photo-1611080626919-7cf5a9dbab5b?auto=format&fit=crop&w=600&q=80
Half Portion Grapes (Angur),Fruits,34,0.3,8.6,0.2,0.5,maintenance,https://images.unsplash.com/photo-1611080626919-7cf5a9dbab5b?auto=format&fit=crop&w=600&q=80
Double Portion Grapes (Angur),Fruits,134,1.2,34.4,0.8,1.8,maintenance,https://images.unsplash.com/photo-1611080626919-7cf5a9dbab5b?auto=format&fit=crop&w=600&q=80
Kiwi,Fruits,61,1.1,14.7,0.5,3.0,weight_loss,https://images.unsplash.com/photo-1528825871115-3581a5387919?auto=format&fit=crop&w=600&q=80
Half Portion Kiwi,Fruits,30,0.6,7.3,0.2,1.5,weight_loss,https://images.unsplash.com/photo-1528825871115-3581a5387919?auto=format&fit=crop&w=600&q=80
Double Portion Kiwi,Fruits,122,2.2,29.4,1.0,6.0,weight_loss,https://images.unsplash.com/photo-1528825871115-3581a5387919?auto=format&fit=crop&w=600&q=80
Pear (Naspati),Fruits,57,0.4,15.2,0.1,3.1,weight_loss,https://images.unsplash.com/photo-1528825871115-3581a5387919?auto=format&fit=crop&w=600&q=80
Half Portion Pear (Naspati),Fruits,28,0.2,7.6,0.1,1.6,weight_loss,https://images.unsplash.com/photo-1528825871115-3581a5387919?auto=format&fit=crop&w=600&q=80
Double Portion Pear (Naspati),Fruits,114,0.8,30.4,0.2,6.2,weight_loss,https://images.unsplash.com/photo-1528825871115-3581a5387919?auto=format&fit=crop&w=600&q=80
Fig (Anjir),Fruits,74,0.75,19.2,0.3,2.9,maintenance,https://images.unsplash.com/photo-1553279768-865429fa0078?auto=format&fit=crop&w=600&q=80
Half Portion Fig (Anjir),Fruits,37,0.4,9.6,0.1,1.4,maintenance,https://images.unsplash.com/photo-1553279768-865429fa0078?auto=format&fit=crop&w=600&q=80
Double Portion Fig (Anjir),Fruits,148,1.5,38.4,0.6,5.8,maintenance,https://images.unsplash.com/photo-1553279768-865429fa0078?auto=format&fit=crop&w=600&q=80
Dates (Khurmah),Fruits,277,1.8,74.97,0.2,6.7,weight_gain,https://images.unsplash.com/photo-1553279768-865429fa0078?auto=format&fit=crop&w=600&q=80
Half Portion Dates (Khurmah),Fruits,138,0.9,37.5,0.1,3.4,weight_gain,https://images.unsplash.com/photo-1553279768-865429fa0078?auto=format&fit=crop&w=600&q=80
Double Portion Dates (Khurmah),Fruits,554,3.6,149.9,0.4,13.4,weight_gain,https://images.unsplash.com/photo-1553279768-865429fa0078?auto=format&fit=crop&w=600&q=80
Raisins (Kismis),Fruits,299,3.1,79.2,0.5,3.7,weight_gain,https://images.unsplash.com/photo-1508061253366-f7da158b6cd9?auto=format&fit=crop&w=600&q=80
Half Portion Raisins (Kismis),Fruits,150,1.6,39.6,0.2,1.9,weight_gain,https://images.unsplash.com/photo-1508061253366-f7da158b6cd9?auto=format&fit=crop&w=600&q=80
Double Portion Raisins (Kismis),Fruits,598,6.2,158.4,1.0,7.4,weight_gain,https://images.unsplash.com/photo-1508061253366-f7da158b6cd9?auto=format&fit=crop&w=600&q=80
Asparagus,Vegetables,20,2.2,3.7,0.1,2.1,weight_loss,https://images.unsplash.com/photo-1453133451515-5ff7c1d0d63c?auto=format&fit=crop&w=600&q=80
Half Portion Asparagus,Vegetables,10,1.1,1.9,0.1,1.1,weight_loss,https://images.unsplash.com/photo-1453133451515-5ff7c1d0d63c?auto=format&fit=crop&w=600&q=80
Double Portion Asparagus,Vegetables,40,4.4,7.4,0.2,4.2,weight_loss,https://images.unsplash.com/photo-1453133451515-5ff7c1d0d63c?auto=format&fit=crop&w=600&q=80
